Nombre,Categoría,Todas las categorías,Teléfono,Teléfono sin formato,Emails,Website,Dirección completa,Calle,Barrio,Ciudad,CP,Provincia,País,Latitud,Longitud,Rating (0-5),Reviews,Google Maps URL,Place ID,Redes Sociales
BUENOS AIRES Inmobiliaria,Agencia inmobiliaria,Agencia inmobiliaria,+54 11 5373-4000,+541153734000,,http://www.buenosairesinmob.com.ar/,"Av. Congreso 2561, C1428 Cdad. Autónoma de Buenos Aires, Argentina",Av. Congreso 2561,"Núñez, Comuna 13",Cdad. Autónoma de Buenos Aires,C1428,Cdad. Autónoma de Buenos Aires,AR,-34.5561113,-58.4642709,4.4,99,https://www.google.com/maps/search/?api=1&query=BUENOS%20AIRES%20Inmobiliaria&query_place_id=ChIJx8TcioG2vJUR2pf7QErd7d0,ChIJx8TcioG2vJUR2pf7QErd7d0,
at buenos aires,Agencia inmobiliaria,Agencia inmobiliaria,+54 11 4344-9600,+541143449600,,http://www.atbuenosaires.com/,"Defensa 850, C1099 Cdad. Autónoma de Buenos Aires, Argentina",Defensa 850,"San Telmo, Comuna 1",Cdad. Autónoma de Buenos Aires,,Cdad. Autónoma de Buenos Aires,AR,-34.6177756,-58.3715229,4.3,1362,https://www.google.com/maps/search/?api=1&query=at%20buenos%20aires&query_place_id=ChIJG5jDzNQ0o5URw4W60ER6sNM,ChIJG5jDzNQ0o5URw4W60ER6sNM,
MGNI (M. Götz Negocios Inmobiliarios),Agencia inmobiliaria,Agencia inmobiliaria | Agencia de bienes inmuebles comerciales | Administrador de la propiedad | Empresa de administración de propiedades | Consultor inmobiliario | Agencia inmobiliaria especializada en alquileres | Agencia de alquiler de alojamientos para vacaciones,+54 11 5329-7248,+541153297248,,https://www.mgotz.com/,"Live Hotel & Suites, Nicaragua 6045, C1414BWM Cdad. Autónoma de Buenos Aires, Argentina","Live Hotel & Suites, Nicaragua 6045","Palermo Hollywood, Palermo, Comuna 14",Cdad. Autónoma de Buenos Aires,C1414,Cdad. Autónoma de Buenos Aires,AR,-34.5778487,-58.4381137,5,851,https://www.google.com/maps/search/?api=1&query=MGNI%20(M.%20G%C3%B6tz%20Negocios%20Inmobiliarios)&query_place_id=ChIJnR99cdHKvJURiGbl2R-t_t0,ChIJnR99cdHKvJURiGbl2R-t_t0,
VINELLI INMOBILIARIA,Agencia inmobiliaria,Agencia inmobiliaria | Tasador | Agencia de subastas inmobiliarias,+54 11 3137-1501,+541131371501,,https://www.vinelli.com.ar/index,"Av. de Mayo 666, C1310 Cdad. Autónoma de Buenos Aires, Argentina",Av. de Mayo 666,"Monserrat, Comuna 1",Cdad. Autónoma de Buenos Aires,C1310,Cdad. Autónoma de Buenos Aires,AR,-34.6088358,-58.3758441,4.9,281,https://www.google.com/maps/search/?api=1&query=VINELLI%20INMOBILIARIA&query_place_id=ChIJs8nzx9PKvJURDtmkxIyeGqU,ChIJs8nzx9PKvJURDtmkxIyeGqU,
Hamra Propiedades,Agencia inmobiliaria,Agencia inmobiliaria,+54 11 4963-9333,+541149639333,,http://www.hamrapropiedades.com.ar/,"Av. Pueyrredón 916, C1025 Cdad. Autónoma de Buenos Aires, Argentina",Av. Pueyrredón 916,"Balvanera, Comuna 3",Cdad. Autónoma de Buenos Aires,C1025,Cdad. Autónoma de Buenos Aires,AR,-34.599596,-58.4042461,4.6,93,https://www.google.com/maps/search/?api=1&query=Hamra%20Propiedades&query_place_id=ChIJIWxgO5LKvJURyX-4x8uK7ZQ,ChIJIWxgO5LKvJURyX-4x8uK7ZQ,
TIZADO Propiedades Inmobiliaria - Tasaciones C.A.B.A. y Zona Norte,Agencia inmobiliaria,Agencia inmobiliaria | Tasador de bienes inmuebles | Tasador inmobiliario,+54 9 11 7090-8888,+5491170908888,,http://www.tizado.com/barrionorte,"José Andrés Pacheco de Melo 1823, C1126 Cdad. Autónoma de Buenos Aires, Argentina",José Andrés Pacheco de Melo 1823,"Barrio Norte, Recoleta, Comuna 2",Cdad. Autónoma de Buenos Aires,C1126,Cdad. Autónoma de Buenos Aires,AR,-34.5923964,-58.393061,4.9,132,https://www.google.com/maps/search/?api=1&query=TIZADO%20Propiedades%20Inmobiliaria%20-%20Tasaciones%20C.A.B.A.%20y%20Zona%20Norte&query_place_id=ChIJUavOY7fKvJURkkxBVHe-CaU,ChIJUavOY7fKvJURkkxBVHe-CaU,
La City Propiedades. Inmobiliaria en Barrio Norte.,Agencia inmobiliaria,Agencia inmobiliaria | Agencia de bienes inmuebles comerciales | Tasador inmobiliario | Consultor inmobiliario | Agencia inmobiliaria especializada en alquileres,+54 11 4827-3287,+541148273287,,https://www.lacitypropiedades.com.ar/,"C1425EHN, Agüero 1709, C1425EHM Cdad. Autónoma de Buenos Aires, Argentina","C1425EHN, Agüero 1709","Barrio Norte, Recoleta, Comuna 2",Cdad. Autónoma de Buenos Aires,C1425,Cdad. Autónoma de Buenos Aires,AR,-34.590902,-58.405861,4.8,54,https://www.google.com/maps/search/?api=1&query=La%20City%20Propiedades.%20Inmobiliaria%20en%20Barrio%20Norte.&query_place_id=ChIJGwOTyoTKvJURjBJPD6QEjNQ,ChIJGwOTyoTKvJURjBJPD6QEjNQ,
Fera Propiedades CABA,Agencia inmobiliaria,Agencia inmobiliaria,+54 11 7090-2600,+541170902600,,https://www.ferayasociados.com/,"Lola Mora 421, C1107 Cdad. Autónoma de Buenos Aires, Argentina",Lola Mora 421,"Puerto Madero, Comuna 1",Cdad. Autónoma de Buenos Aires,C1107,Cdad. Autónoma de Buenos Aires,AR,-34.6193529,-58.3610838,4.9,98,https://www.google.com/maps/search/?api=1&query=Fera%20Propiedades%20CABA&query_place_id=ChIJqQI6Pw41o5URTc6WSFs49pw,ChIJqQI6Pw41o5URTc6WSFs49pw,
En Buenos Aires,Agencia inmobiliaria,Agencia inmobiliaria,+54 11 6091-7761,+541160917761,,https://www.enbuenosaires.com/,"Lavalle 482, C1047 Cdad. Autónoma de Buenos Aires, Argentina",Lavalle 482,"San Nicolás, Comuna 1",Cdad. Autónoma de Buenos Aires,C1047,Cdad. Autónoma de Buenos Aires,AR,-34.6020687,-58.3739721,3.5,64,https://www.google.com/maps/search/?api=1&query=En%20Buenos%20Aires&query_place_id=ChIJBYmg5czKvJURrJiFr2g4FHE,ChIJBYmg5czKvJURrJiFr2g4FHE,
Central Real Estate Argentina | Leading Real Estate Companies of the World | Luxury Portfolio Internacional,Agencia inmobiliaria,Agencia inmobiliaria | Agentes inmobiliarios | Tasador inmobiliario | Consultor inmobiliario,+54 47893700,,,http://www.centralre.com.ar/,"Mendoza 1962, C1429DKF Cdad. Autónoma de Buenos Aires, Argentina",Mendoza 1962,"Belgrano, Comuna 13",Cdad. Autónoma de Buenos Aires,C1429,Cdad. Autónoma de Buenos Aires,AR,-34.5585819,-58.4531725,4.7,328,https://www.google.com/maps/search/?api=1&query=Central%20Real%20Estate%20Argentina%20%7C%20Leading%20Real%20Estate%20Companies%20of%20the%20World%20%7C%20Luxury%20Portfolio%20Internacional&query_place_id=ChIJp7DGydK1vJUR0uJ6ZaZY904,ChIJp7DGydK1vJUR0uJ6ZaZY904,
Somoza Propiedades,Agencia inmobiliaria,Agencia inmobiliaria,+54 11 4952-0946,+541149520946,,http://somozapropiedades.com.ar/,"Pasco 212, C1081 AAF, Cdad. Autónoma de Buenos Aires, Argentina",Pasco 212,Balvanera,AAF,C1081,Cdad. Autónoma de Buenos Aires,AR,-34.6120349,-58.3972234,4.8,236,https://www.google.com/maps/search/?api=1&query=Somoza%20Propiedades&query_place_id=ChIJX_g6ydHLvJURCz9zVYGQQyk,ChIJX_g6ydHLvJURCz9zVYGQQyk,
Menéndez Propiedades,Agencia inmobiliaria,Agencia inmobiliaria,+54 11 4777-7896,+541147777896,,http://www.menendezpropiedades.com.ar/,"Fray Justo Sta. María de Oro 2208, C1425 Cdad. Autónoma de Buenos Aires, Argentina",Fray Justo Sta. María de Oro 2208,"Palermo, Comuna 14",Cdad. Autónoma de Buenos Aires,C1425,Cdad. Autónoma de Buenos Aires,AR,-34.582238,-58.4272086,4.7,527,https://www.google.com/maps/search/?api=1&query=Men%C3%A9ndez%20Propiedades&query_place_id=ChIJ_2apE4W1vJURTvctxUvX--I,ChIJ_2apE4W1vJURTvctxUvX--I,
BUEPROP,Agencia inmobiliaria,Agencia inmobiliaria,+54 11 5760-0000,+541157600000,,http://www.bueprop.com/,"French 2354, C1125AAF Cdad. Autónoma de Buenos Aires, Argentina",French 2354,"Barrio Norte, Recoleta, Comuna 2",Cdad. Autónoma de Buenos Aires,C1125,Cdad. Autónoma de Buenos Aires,AR,-34.5911911,-58.398682,4.9,83,https://www.google.com/maps/search/?api=1&query=BUEPROP&query_place_id=ChIJX7yqxZnKvJURuOXCWQP-5ms,ChIJX7yqxZnKvJURuOXCWQP-5ms,
GRUPO TGR,Agencia inmobiliaria,Agencia inmobiliaria | Centro educativo | Tasador inmobiliario | Consultor inmobiliario | Escuela de agentes inmobiliarios,+54 11 5237-1107,+541152371107,,http://www.tgrprop.com.ar/,"Lima 555, C1073 Cdad. Autónoma de Buenos Aires, Argentina",Lima 555,"Monserrat, Comuna 1",Cdad. Autónoma de Buenos Aires,C1073,Cdad. Autónoma de Buenos Aires,AR,-34.6148249,-58.3819187,4.9,565,https://www.google.com/maps/search/?api=1&query=GRUPO%20TGR&query_place_id=ChIJ9YgoR87KvJURR6_AdMJ31xs,ChIJ9YgoR87KvJURR6_AdMJ31xs,
Maure Inmobiliaria,Agencia inmobiliaria,Agencia inmobiliaria,+54 11 4778-0808,+541147780808,,http://www.maureinmobiliaria.com/,"Maure 1685, C1426 Cdad. Autónoma de Buenos Aires, Argentina",Maure 1685,"Palermo, Comuna 14",Cdad. Autónoma de Buenos Aires,C1426,Cdad. Autónoma de Buenos Aires,AR,-34.5663662,-58.4358781,4.3,202,https://www.google.com/maps/search/?api=1&query=Maure%20Inmobiliaria&query_place_id=ChIJe4TJbLm1vJURaXMGSv_nh_w,ChIJe4TJbLm1vJURaXMGSv_nh_w,
Nuevo Siglo Propiedades San Telmo,Agencia inmobiliaria,Agencia inmobiliaria | Edificio de apartamentos | Agencia de alquiler de apartamentos | Tasador de bienes inmuebles | Administrador de la propiedad | Tasador inmobiliario,+54 11 6924-0551,+541169240551,,https://nuevosigloprop.com.ar/,"Piedras 1057, C1070 Cdad. Autónoma de Buenos Aires, Argentina",Piedras 1057,"Constitución, Comuna 1",Cdad. Autónoma de Buenos Aires,C1070,Cdad. Autónoma de Buenos Aires,AR,-34.6203916,-58.3773625,4.9,133,https://www.google.com/maps/search/?api=1&query=Nuevo%20Siglo%20Propiedades%20San%20Telmo&query_place_id=ChIJ2Zf64ivLvJURWUgvE3OJpeQ,ChIJ2Zf64ivLvJURWUgvE3OJpeQ,
M&M PROPIEDADES,Agencia inmobiliaria,Agencia inmobiliaria,+54 11 2529-7649,+541125297649,,https://www.mympropiedades.com.ar/,"Av. Callao 1137, C1023 Cdad. Autónoma de Buenos Aires, Argentina",Av. Callao 1137,"Barrio Norte, Recoleta, Comuna 2",Cdad. Autónoma de Buenos Aires,C1023,Cdad. Autónoma de Buenos Aires,AR,-34.5954649,-58.3931264,4.6,183,https://www.google.com/maps/search/?api=1&query=M%26M%20PROPIEDADES&query_place_id=ChIJTWij9UnLvJURD5hmKMGv4zQ,ChIJTWij9UnLvJURD5hmKMGv4zQ,
Dos Santos Estudio Inmobiliario,Agencia inmobiliaria,Agencia inmobiliaria,+54 45544175,,,http://dossantos.com.ar/,"Roseti 1818,C1427BWL CABA, C1427 Cdad. Autónoma de Buenos Aires, Argentina","Roseti 1818,C1427BWL CABA","Villa Ortúzar, Comuna 15",Cdad. Autónoma de Buenos Aires,C1427,Cdad. Autónoma de Buenos Aires,AR,-34.5817587,-58.4676621,4.9,129,https://www.google.com/maps/search/?api=1&query=Dos%20Santos%20Estudio%20Inmobiliario&query_place_id=ChIJIxTjuXS2vJURB6lohg6tRS0,ChIJIxTjuXS2vJURB6lohg6tRS0,
Palermo Propiedades,Agencia inmobiliaria,Agencia inmobiliaria | Urbanización | Agentes inmobiliarios,+54 11 3601-6634,+541136016634,,http://palermopropiedades.com/,"Jorge Luis Borges 2149, C1425 Cdad. Autónoma de Buenos Aires, Argentina",Jorge Luis Borges 2149,"Palermo, Comuna 14",Cdad. Autónoma de Buenos Aires,C1425,Cdad. Autónoma de Buenos Aires,AR,-34.5851527,-58.4247211,4.7,188,https://www.google.com/maps/search/?api=1&query=Palermo%20Propiedades&query_place_id=ChIJNSPM8X-1vJUR_N-grNjHA7U,ChIJNSPM8X-1vJUR_N-grNjHA7U,
Zarlenga Inmobiliaria,Agencia inmobiliaria,Agencia inmobiliaria | Agentes inmobiliarios | Tasador inmobiliario | Consultor inmobiliario,+54 11 3159-2188,+541131592188,,https://zarlengainmobiliaria.tuinmobiliaria.com.ar/Propiedades,"Billinghurst 1715, C1425 Cdad. Autónoma de Buenos Aires, Argentina",Billinghurst 1715,"Barrio Norte, Recoleta, Comuna 2",Cdad. Autónoma de Buenos Aires,C1425,Cdad. Autónoma de Buenos Aires,AR,-34.5905917,-58.4101819,4.9,135,https://www.google.com/maps/search/?api=1&query=Zarlenga%20Inmobiliaria&query_place_id=ChIJ2ZUE9YPKvJURo-PV14rCQII,ChIJ2ZUE9YPKvJURo-PV14rCQII,
Rincones de Buenos Aires,Agencia inmobiliaria,Agencia inmobiliaria | Tasador de bienes inmuebles | Empresa de administración de propiedades | Agentes inmobiliarios | Consultor inmobiliario | Agencia inmobiliaria especializada en alquileres,+54 11 2153-0253,+541121530253,,http://www.rinconesbuenosaires.com.ar/,"Carlos Calvo 954, C1102 Cdad. Autónoma de Buenos Aires, Argentina",Carlos Calvo 954,"Constitución, Comuna 1",Cdad. Autónoma de Buenos Aires,C1102,Cdad. Autónoma de Buenos Aires,AR,-34.6197899,-58.3794881,4.6,56,https://www.google.com/maps/search/?api=1&query=Rincones%20de%20Buenos%20Aires&query_place_id=ChIJFZqBUtDKvJURyzWZmvKz-Fs,ChIJFZqBUtDKvJURyzWZmvKz-Fs,
MG Baires Negocios Inmobiliarios,Agencia inmobiliaria,Agencia inmobiliaria | Agencia de bienes inmuebles comerciales | Urbanización | Agentes inmobiliarios,+54 11 6926-6864,+541169266864,,http://www.mgbairesprop.com.ar/,"C1225AAF, Av. Independencia 2332 oficina 1°, C1225 Cdad. Autónoma de Buenos Aires, Argentina","C1225AAF, Av. Independencia 2332 oficina 1°","Balvanera, Comuna 3",Cdad. Autónoma de Buenos Aires,C1225,Cdad. Autónoma de Buenos Aires,AR,-34.6185173,-58.3999129,4.6,77,https://www.google.com/maps/search/?api=1&query=MG%20Baires%20Negocios%20Inmobiliarios&query_place_id=ChIJKe7oWOHKvJURaB-SHBm9v3Y,ChIJKe7oWOHKvJURaB-SHBm9v3Y,
Nordheimer Inmobiliaria - Campos y Estancias,Agencia inmobiliaria,Agencia inmobiliaria,+54 810-777-2267,,,https://campos.nordheimer.com/,"Posadas 1564, C1112 Cdad. Autónoma de Buenos Aires, Argentina",Posadas 1564,"Barrio Norte, Recoleta, Comuna 2",Cdad. Autónoma de Buenos Aires,C1112,Cdad. Autónoma de Buenos Aires,AR,-34.5872563,-58.3879805,4.6,20,https://www.google.com/maps/search/?api=1&query=Nordheimer%20Inmobiliaria%20-%20Campos%20y%20Estancias&query_place_id=ChIJzf8miaTKvJUR7mITzsjRIlI,ChIJzf8miaTKvJUR7mITzsjRIlI,
JLL Buenos Aires Real Estate,Agencia inmobiliaria,Agencia inmobiliaria | Agencia de bienes inmuebles comerciales | Consultor inmobiliario,+54 11 3984-8600,+541139848600,,https://www.jll.com/en-us/locations/argentina-es,"Carlos Pellegrini 719 piso 7, C1009 ABO, Cdad. Autónoma de Buenos Aires, Argentina",Carlos Pellegrini 719 piso 7,San Nicolás,ABO,C1009,Cdad. Autónoma de Buenos Aires,AR,-34.599877,-58.381041,4.6,33,https://www.google.com/maps/search/?api=1&query=JLL%20Buenos%20Aires%20Real%20Estate&query_place_id=ChIJAXEhzMvKvJURtf5Qniiy7j4,ChIJAXEhzMvKvJURtf5Qniiy7j4,
For Rent Argentina,Agencia inmobiliaria,Agencia inmobiliaria,+54 11 4822-5912,+541148225912,,https://www.4rentargentina.com/,"Billinghurst 1833 10ºB, C1425 Cdad. Autónoma de Buenos Aires, Argentina",Billinghurst 1833 10ºB,"Barrio Norte, Recoleta, Comuna 2",Cdad. Autónoma de Buenos Aires,C1425,Cdad. Autónoma de Buenos Aires,AR,-34.5894004,-58.4092933,4.8,350,https://www.google.com/maps/search/?api=1&query=For%20Rent%20Argentina&query_place_id=ChIJHVYO6oTKvJURVsLl7y6mkLA,ChIJHVYO6oTKvJURVsLl7y6mkLA,
Calden del Soho,Restaurante argentino,Restaurante argentino | Parrilla | Restaurante especializado en chuletas,+54 11 3031-2221,+541130312221,,https://caldendelsoho.com/,"Honduras 4701, C1414BMK Cdad. Autónoma de Buenos Aires, Argentina",Honduras 4701,"Palermo, Comuna 14",Cdad. Autónoma de Buenos Aires,C1414,Cdad. Autónoma de Buenos Aires,AR,-34.5906478,-58.427047,4.5,5205,https://www.google.com/maps/search/?api=1&query=Calden%20del%20Soho&query_place_id=ChIJRxzJdXjKvJURF2yGVvAUz28,ChIJRxzJdXjKvJURF2yGVvAUz28,
Villegas Restó,Parrilla,Parrilla | Restaurante argentino,+54 11 4343-0108,+541143430108,,http://www.villegasresto.com.ar/,"Av. Alicia Moreau de Justo 1050, C1005 Cdad. Autónoma de Buenos Aires, Argentina",Av. Alicia Moreau de Justo 1050,"Puerto Madero, Comuna 1",Cdad. Autónoma de Buenos Aires,C1005,Cdad. Autónoma de Buenos Aires,AR,-34.6097238,-58.3662485,4.7,18489,https://www.google.com/maps/search/?api=1&query=Villegas%20Rest%C3%B3&query_place_id=ChIJLw5iHCo1o5URA3Cax-1Ygy4,ChIJLw5iHCo1o5URA3Cax-1Ygy4,
La Alacena Trattoria,Restaurante italiano,Restaurante italiano,+54 11 4873-1988,+541148731988,,http://www.instagram.com/laalacenatrattoria,"Gascón 1401, C1181ADA Cdad. Autónoma de Buenos Aires, Argentina",Gascón 1401,"Palermo, Comuna 14",Cdad. Autónoma de Buenos Aires,C1181,Cdad. Autónoma de Buenos Aires,AR,-34.5940646,-58.4227207,4.4,7444,https://www.google.com/maps/search/?api=1&query=La%20Alacena%20Trattoria&query_place_id=ChIJ1_jlq37KvJURaSQac0aBWl8,ChIJ1_jlq37KvJURaSQac0aBWl8,
ALMA BUENOS AIRES,Restaurante,Restaurante,+54 11 4819-1100,+541148191100,,https://linktr.ee/sofitelbuenosaires,"Posadas 1232, C1011 Cdad. Autónoma de Buenos Aires, Argentina",Posadas 1232,"Barrio Norte, Retiro, Comuna 1",Cdad. Autónoma de Buenos Aires,C1011,Cdad. Autónoma de Buenos Aires,AR,-34.5894924,-58.3840089,4.5,522,https://www.google.com/maps/search/?api=1&query=ALMA%20BUENOS%20AIRES&query_place_id=ChIJpVjglbrKvJUR-xnEg5q4GuE,ChIJpVjglbrKvJUR-xnEg5q4GuE,
La Dorita Botánico,Restaurante especializado en barbacoa,Restaurante especializado en barbacoa | Parrilla | Restaurante,+54 11 4802-8640,+541148028640,,https://www.facebook.com/LaDoritaOnline/,"Bulnes 2593, C1425DKS Cdad. Autónoma de Buenos Aires, Argentina",Bulnes 2593,"Palermo, Comuna 14",Cdad. Autónoma de Buenos Aires,C1425,Cdad. Autónoma de Buenos Aires,AR,-34.582116,-58.406611,4.4,5352,https://www.google.com/maps/search/?api=1&query=La%20Dorita%20Bot%C3%A1nico&query_place_id=ChIJp8HS2Xy1vJURGbxueVSvYAU,ChIJp8HS2Xy1vJURGbxueVSvYAU,
Santos Manjares,Restaurante especializado en filetes,Restaurante especializado en filetes,+54 9 11 6050-2225,+5491160502225,,,"Paraguay 938, C1057 AAN, Cdad. Autónoma de Buenos Aires, Argentina",Paraguay 938,Retiro,AAN,C1057,Cdad. Autónoma de Buenos Aires,AR,-34.5979072,-58.3803246,4.6,7656,https://www.google.com/maps/search/?api=1&query=Santos%20Manjares&query_place_id=ChIJvZaFMsjKvJURieIAHSNHtkM,ChIJvZaFMsjKvJURieIAHSNHtkM,
El Preferido de Palermo,Restaurante,Restaurante,+54 11 4774-6585,+541147746585,,http://elpreferido.meitre.com/,"Jorge Luis Borges 2108, C1425FFD Cdad. Autónoma de Buenos Aires, Argentina",Jorge Luis Borges 2108,"Palermo, Comuna 14",Cdad. Autónoma de Buenos Aires,C1425,Cdad. Autónoma de Buenos Aires,AR,-34.5854137,-58.4253412,4.4,9195,https://www.google.com/maps/search/?api=1&query=El%20Preferido%20de%20Palermo&query_place_id=ChIJRazshIa1vJURczNt-pu4coU,ChIJRazshIa1vJURczNt-pu4coU,
Garibaldi Restaurante,Restaurante,Restaurante,,,,https://www.covermanager.com/reserve/module_restaurant/garibaldi-restaurante-buenos-aires-argentina/spanish?source=INSTAGRAM,"Av. Costanera Rafael Obligado 4899, C1428 Cdad. Autónoma de Buenos Aires, Argentina",Av. Costanera Rafael Obligado 4899,"Palermo, Comuna 13",Cdad. Autónoma de Buenos Aires,C1428,Cdad. Autónoma de Buenos Aires,AR,-34.551866,-58.4265995,4.4,7095,https://www.google.com/maps/search/?api=1&query=Garibaldi%20Restaurante&query_place_id=ChIJq6ndQfC1vJURdCGmR0hrcnA,ChIJq6ndQfC1vJURdCGmR0hrcnA,
Argentine Experience Cooking Classes and Restaurant,Restaurante argentino,Restaurante argentino | Restaurante de platos de carne,+54 9 11 3986-3613,+5491139863613,,http://www.theargentineexperience.com/,"Gorriti 4832, C1414BJN Cdad. Autónoma de Buenos Aires, Argentina",Gorriti 4832,"Palermo, Comuna 14",Cdad. Autónoma de Buenos Aires,C1414,Cdad. Autónoma de Buenos Aires,AR,-34.5905147,-58.4296066,4.6,934,https://www.google.com/maps/search/?api=1&query=Argentine%20Experience%20Cooking%20Classes%20and%20Restaurant&query_place_id=ChIJxUb7uJG1vJURbldXG4zCjgg,ChIJxUb7uJG1vJURbldXG4zCjgg,
Italpast | Faena Buenos Aires,Restaurante,Restaurante | Restaurante italiano,+54 9 11 5039-1165,+5491150391165,,https://www.faena.com/buenos-aires/dining/bistro-sur,"Juana Manso 1450, C1107 Cdad. Autónoma de Buenos Aires, Argentina",Juana Manso 1450,"Puerto Madero, Comuna 1",Cdad. Autónoma de Buenos Aires,C1107,Cdad. Autónoma de Buenos Aires,AR,-34.6141325,-58.3621261,4.8,1515,https://www.google.com/maps/search/?api=1&query=Italpast%20%7C%20Faena%20Buenos%20Aires&query_place_id=ChIJ6WmLmRE1o5URaUou3ExEz_A,ChIJ6WmLmRE1o5URaUou3ExEz_A,
La Cabrera Buenos Aires,Restaurante especializado en barbacoa,Restaurante especializado en barbacoa | Restaurante argentino | Parrilla | Pub restaurante | Restaurante,+54 11 4831-0325,+541148310325,,http://lacabrera.com.ar/,"José A. Cabrera 5127, C1414BGQ Cdad. Autónoma de Buenos Aires, Argentina",José A. Cabrera 5127,"Palermo, Comuna 14",Cdad. Autónoma de Buenos Aires,C1414,Cdad. Autónoma de Buenos Aires,AR,-34.5890898,-58.4332083,4.4,23065,https://www.google.com/maps/search/?api=1&query=La%20Cabrera%20Buenos%20Aires&query_place_id=ChIJvx_Xcom1vJURxZN2FRnkgaA,ChIJvx_Xcom1vJURxZN2FRnkgaA,
Hierro Parrilla San Telmo,Restaurante,Restaurante | Parrilla | Bar,,,,https://instagram.com/hierrosantelmo,"Bolívar 970, C1066 Cdad. Autónoma de Buenos Aires, Argentina",Bolívar 970,"San Telmo, Comuna 1",Cdad. Autónoma de Buenos Aires,C1066,Cdad. Autónoma de Buenos Aires,AR,-34.619154,-58.372483,4.7,1874,https://www.google.com/maps/search/?api=1&query=Hierro%20Parrilla%20San%20Telmo&query_place_id=ChIJG5tUKrfLvJURoUK0uPSA8sg,ChIJG5tUKrfLvJURoUK0uPSA8sg,
La Estancia Asador Criollo,Parrilla,Parrilla | Restaurante argentino | Restaurante,+54 11 4326-0025,+541143260025,,https://laestancia.ar/,"Lavalle 941, C1047 Cdad. Autónoma de Buenos Aires, Argentina",Lavalle 941,"San Nicolás, Comuna 1",Cdad. Autónoma de Buenos Aires,C1047,Cdad. Autónoma de Buenos Aires,AR,-34.602413,-58.3801912,4.4,11839,https://www.google.com/maps/search/?api=1&query=La%20Estancia%20Asador%20Criollo&query_place_id=ChIJrVQ21s7KvJUROm_80TtqlcI,ChIJrVQ21s7KvJUROm_80TtqlcI,
Encuentro Nativo,Restaurante,Restaurante | Parrilla,+54 11 3175-7873,+541131757873,,https://encuentronativo.com/,"Magallanes 854, C1160ACB Cdad. Autónoma de Buenos Aires, Argentina",Magallanes 854,"La Boca, Comuna 4",Cdad. Autónoma de Buenos Aires,C1160,Cdad. Autónoma de Buenos Aires,AR,-34.6397591,-58.3626213,4.6,2837,https://www.google.com/maps/search/?api=1&query=Encuentro%20Nativo&query_place_id=ChIJLYgnUbA0o5URyvJDU0WZP98,ChIJLYgnUbA0o5URyvJDU0WZP98,
Buenos Aires Grill,Restaurante argentino,Restaurante argentino | Parrilla,+54 11 4371-5969,+541143715969,,http://linktr.ee/bsasgrill,"Av. Corrientes 1318, C1043 ABN, Cdad. Autónoma de Buenos Aires, Argentina",Av. Corrientes 1318,San Nicolás,ABN,C1043,Cdad. Autónoma de Buenos Aires,AR,-34.6040508,-58.3854773,4.1,5956,https://www.google.com/maps/search/?api=1&query=Buenos%20Aires%20Grill&query_place_id=ChIJz5F32sXKvJURCtbt2O4du3E,ChIJz5F32sXKvJURCtbt2O4du3E,
El Mercado,Parrilla,Parrilla | Restaurante argentino | Restaurante,+54 11 5039-1165,+541150391165,,https://www.faena.com/buenos-aires/dining/el-mercado,"Martha Salotti 445 Faena, C1107 Cdad. Autónoma de Buenos Aires, Argentina",Martha Salotti 445 Faena,"Puerto Madero, Comuna 1",Cdad. Autónoma de Buenos Aires,C1107,Cdad. Autónoma de Buenos Aires,AR,-34.6141102,-58.3617968,4.7,1937,https://www.google.com/maps/search/?api=1&query=El%20Mercado&query_place_id=ChIJJwVtBEM1o5URrZHvlW9Bqdk,ChIJJwVtBEM1o5URrZHvlW9Bqdk,
Aramburu Relais & Châteaux,Restaurante de alta cocina,Restaurante de alta cocina | Restaurante,+54 11 4811-1414,+541148111414,,http://www.arambururesto.com.ar/,"Pasaje del Correo, Vicente López 1661, C1103ACY Cdad. Autónoma de Buenos Aires, Argentina","Pasaje del Correo, Vicente López 1661","Barrio Norte, Recoleta, Comuna 2",Cdad. Autónoma de Buenos Aires,C1103,Cdad. Autónoma de Buenos Aires,AR,-34.5917554,-58.3892206,4.6,1121,https://www.google.com/maps/search/?api=1&query=Aramburu%20Relais%20%26%20Ch%C3%A2teaux&query_place_id=ChIJUwhogCjLvJURazYFxCm6cUM,ChIJUwhogCjLvJURazYFxCm6cUM,
Cucina D'Onore,Restaurante italiano,Restaurante italiano | Restaurante,+54 11 4315-9260,+541143159260,,http://www.cucinadonore.com/,"Av. Alicia Moreau de Justo 1768, C1107 AFJ, Cdad. Autónoma de Buenos Aires, Argentina",Av. Alicia Moreau de Justo 1768,Puerto Madero,AFJ,C1107,Cdad. Autónoma de Buenos Aires,AR,-34.6192774,-58.3653638,4.5,5037,https://www.google.com/maps/search/?api=1&query=Cucina%20D'Onore&query_place_id=ChIJQV-DXtE0o5URnr8IMr3aeo4,ChIJQV-DXtE0o5URnr8IMr3aeo4,
ROUX,Restaurante,Restaurante,+54 11 4805-6794,+541148056794,,http://www.rouxresto.com/,"Peña 2300, C1126ABF Cdad. Autónoma de Buenos Aires, Argentina",Peña 2300,"Barrio Norte, Recoleta, Comuna 2",Cdad. Autónoma de Buenos Aires,C1126,Cdad. Autónoma de Buenos Aires,AR,-34.590693,-58.3974183,4.6,3185,https://www.google.com/maps/search/?api=1&query=ROUX&query_place_id=ChIJKYYltZnKvJUR1B3un_qNkho,ChIJKYYltZnKvJUR1B3un_qNkho,
Parrilla Cero5,Restaurante especializado en filetes,Restaurante especializado en filetes | Bar restaurante,+54 11 5110-2962,+541151102962,,http://www.parrillacero5.com/,"Suipacha 930, C1008AAT Cdad. Autónoma de Buenos Aires, Argentina",Suipacha 930,"Retiro, Comuna 1",Cdad. Autónoma de Buenos Aires,C1008,Cdad. Autónoma de Buenos Aires,AR,-34.5973094,-58.3799922,4.6,3002,https://www.google.com/maps/search/?api=1&query=Parrilla%20Cero5&query_place_id=ChIJ95DwEyfLvJURliRjO-ZpqU4,ChIJ95DwEyfLvJURliRjO-ZpqU4,
Little Patagonia Empanadas & Cafe,Restaurante argentino,Restaurante argentino,(832) 804-6905,+18328046905,,https://www.littlepatagoniahouston.com/,"5393 Westheimer Rd Suite B, Houston, TX 77056",5393 Westheimer Rd Suite B,Westside,Houston,77056,Texas,US,29.7384219,-95.4701167,4.6,318,https://www.google.com/maps/search/?api=1&query=Little%20Patagonia%20Empanadas%20%26%20Cafe&query_place_id=ChIJZZdOLJjBQIYR9HcaPhdMxug,ChIJZZdOLJjBQIYR9HcaPhdMxug,
The Horse & the Turtle,Restaurante uruguayo,Restaurante uruguayo,(832) 335-7434,+18323357434,,https://www.facebook.com/thehorseandtheturtle/?ref=aymt_homepage_panel,"6776 Southwest Fwy Ste 101, Houston, TX 77074",6776 Southwest Fwy Ste 101,Sharpstown,Houston,77074,Texas,US,29.7154899,-95.5018943,4.8,116,https://www.google.com/maps/search/?api=1&query=The%20Horse%20%26%20the%20Turtle&query_place_id=ChIJr-LrA1zCQIYRW_ReDGoSaYk,ChIJr-LrA1zCQIYRW_ReDGoSaYk,
Pampa Bar & Grill Katy,Restaurante argentino,Restaurante argentino | Bar | Restaurante de desayunos | Restaurante de brunch | Coctelería | Pizzería | Restaurante especializado en filetes | Vinoteca | Wine club,(281) 574-9321,+12815749321,,http://www.pampagrillkaty.com/,"25707 Westheimer Pkwy, Katy, TX 77494",25707 Westheimer Pkwy,,Katy,77494,Texas,US,29.7505601,-95.7993163,4.6,511,https://www.google.com/maps/search/?api=1&query=Pampa%20Bar%20%26%20Grill%20Katy&query_place_id=ChIJw_V6FFEhQYYR98BJhX9NtQU,ChIJw_V6FFEhQYYR98BJhX9NtQU,
Rincon Criollo,Restaurante cubano,Restaurante cubano | Restaurante,(281) 679-7148,+12816797148,,https://rinconcriollorestaurant.com/,"2150 S Texas 6 #150, Houston, TX 77077",2150 S Texas 6 #150,Westside,Houston,77077,Texas,US,29.7426985,-95.6453363,4.6,2510,https://www.google.com/maps/search/?api=1&query=Rincon%20Criollo&query_place_id=ChIJLT0QXqbdQIYRLunpbatreAg,ChIJLT0QXqbdQIYRLunpbatreAg,
Luigi's Patio Ristorante,Restaurante italiano,Restaurante italiano,(979) 693-2742,+19796932742,,https://www.luigispatioristorante.com/,"3975 Texas 6 Frontage Rd #100, College Station, TX 77845",3975 Texas 6 Frontage Rd #100,,College Station,77845,Texas,US,30.5862102,-96.2839355,4.4,1070,https://www.google.com/maps/search/?api=1&query=Luigi's%20Patio%20Ristorante&query_place_id=ChIJXXcf4eCERoYR73GkRofNAmM,ChIJXXcf4eCERoYR73GkRofNAmM,
Buenos Aires,Restaurante argentino,Restaurante argentino | Servicio de catering | Restaurante de postres | Restaurante de alta cocina | Restaurante latinoamericano | Restaurante | Tienda de ensaladas | Marisquería | Restaurante especializado en filetes | Vinoteca,(212) 228-2775,+12122282775,,https://buenosairesnyc.com/?utm_source=google,"513 E 6th St, New York, NY 10009",513 E 6th St,Manhattan,New York,10009,New York,US,40.725252,-73.9830894,4.6,1525,https://www.google.com/maps/search/?api=1&query=Buenos%20Aires&query_place_id=ChIJl1UWqoJZwokRwrTzKeaYMSQ,ChIJl1UWqoJZwokRwrTzKeaYMSQ,
Crizia Restaurante,Restaurante,Restaurante,+54 11 4776-5005,+541147765005,,http://www.crizia.com.ar/,"Fitz Roy 1819, C1414 Cdad. Autónoma de Buenos Aires, Argentina",Fitz Roy 1819,"Palermo Hollywood, Palermo, Comuna 14",Cdad. Autónoma de Buenos Aires,C1414,Cdad. Autónoma de Buenos Aires,AR,-34.5832309,-58.435113,4.6,1450,https://www.google.com/maps/search/?api=1&query=Crizia%20Restaurante&query_place_id=ChIJ02MiFom1vJURSNqKehH_raQ,ChIJ02MiFom1vJURSNqKehH_raQ,
Puerto Cristal,Restaurante de alta cocina,Restaurante de alta cocina | Marisquería,+54 11 4331-3309,+541143313309,,https://puerto-cristal.com.ar/,"Av. Alicia Moreau de Justo 1082, 1082 Cdad. Autónoma de Buenos Aires, Argentina",Av. Alicia Moreau de Justo 1082,"Puerto Madero, Comuna 1",Cdad. Autónoma de Buenos Aires,1082,Cdad. Autónoma de Buenos Aires,AR,-34.6101917,-58.3661024,4.6,13228,https://www.google.com/maps/search/?api=1&query=Puerto%20Cristal&query_place_id=ChIJ55aOHCo1o5UROTgjkua1EYA,ChIJ55aOHCo1o5UROTgjkua1EYA,
Fuego y Vino Cabernet,Restaurante argentino,Restaurante argentino | Restaurante,+54 11 4870-1001,+541148701001,,https://www.fuegoyvino.com/,"Jorge Luis Borges 1757, C1414 Cdad. Autónoma de Buenos Aires, Argentina",Jorge Luis Borges 1757,"Palermo, Comuna 14",Cdad. Autónoma de Buenos Aires,C1414,Cdad. Autónoma de Buenos Aires,AR,-34.5877108,-58.4283599,4.2,3295,https://www.google.com/maps/search/?api=1&query=Fuego%20y%20Vino%20Cabernet&query_place_id=ChIJC7ngJoa1vJURmQuYxE_zevM,ChIJC7ngJoa1vJURmQuYxE_zevM,
Baires Grill - New York,Restaurante argentino,Restaurante argentino,(212) 884-1355,+12128841355,,https://www.bairesgrill.com/,"350 W 50th St, New York, NY 10019",350 W 50th St,Manhattan,New York,10019,New York,US,40.7628256,-73.9879129,4.8,700,https://www.google.com/maps/search/?api=1&query=Baires%20Grill%20-%20New%20York&query_place_id=ChIJd4bXK-xZwokRsYyD4y7IMMA,ChIJd4bXK-xZwokRsYyD4y7IMMA,
Criollas – baked empanadas [Turnstyle Underground Market],Restaurante argentino,Restaurante argentino,(646) 626-6811,+16466266811,,http://www.criollasempanadas.com/,"1000S 8th Ave, New York, NY 10019",1000S 8th Ave,Manhattan,New York,10019,New York,US,40.7669606,-73.98298,4.8,545,https://www.google.com/maps/search/?api=1&query=Criollas%20%E2%80%93%20baked%20empanadas%20%5BTurnstyle%20Underground%20Market%5D&query_place_id=ChIJbcBuP59ZwokRfQYdptYXB0Y,ChIJbcBuP59ZwokRfQYdptYXB0Y,
Chanta Casa de Empanadas - Hells Kitchen,Restaurante argentino,Restaurante argentino,(646) 422-7078,+16464227078,,http://www.chantaempanadas.com/,"888 8th Ave, New York, NY 10019",888 8th Ave,Manhattan,New York,10019,New York,US,40.7637477,-73.984709,5,64,https://www.google.com/maps/search/?api=1&query=Chanta%20Casa%20de%20Empanadas%20-%20Hells%20Kitchen&query_place_id=ChIJ_7UQwGtZwokRS7SL8OJFp6g,ChIJ_7UQwGtZwokRS7SL8OJFp6g,
Palermo Argentinian Bistro Gramercy,Restaurante argentino,Restaurante argentino | Restaurante | Restaurante especializado en filetes | Vinoteca,(917) 319-7301,+19173197301,,https://www.palermoargentinianbistro.com/,"53 Irving Pl, New York, NY 10003",53 Irving Pl,Manhattan,New York,10003,New York,US,40.7360984,-73.9874916,4.9,766,https://www.google.com/maps/search/?api=1&query=Palermo%20Argentinian%20Bistro%20Gramercy&query_place_id=ChIJeQtcLHxZwokRO1IieeRtre0,ChIJeQtcLHxZwokRO1IieeRtre0,
Sabor Argentino NYC,Restaurante argentino,Restaurante argentino,(917) 261-4422,+19172614422,,http://www.saborargentinonyc.com/,"57 7th Ave S, New York, NY 10014",57 7th Ave S,Manhattan,New York,10014,New York,US,40.7316564,-74.0037161,4.7,425,https://www.google.com/maps/search/?api=1&query=Sabor%20Argentino%20NYC&query_place_id=ChIJ9cwwV3pZwokRxO_dx8koORY,ChIJ9cwwV3pZwokRxO_dx8koORY,
Tu Sonrisa,Dentista,Dentista | Periodoncista de implantes dentales | Endodoncista | Cirujano maxilofacial | Ortodoncista | Pediatra | Periodoncista,+54 11 3986-7665,+541139867665,,https://tusonrisargentina.com/,"Av. Sta. Fe 2755, C1425 Cdad. Autónoma de Buenos Aires, Argentina",Av. Sta. Fe 2755,"Barrio Norte, Recoleta, Comuna 2",Cdad. Autónoma de Buenos Aires,C1425,Cdad. Autónoma de Buenos Aires,AR,-34.5928006,-58.4055896,4.9,10400,https://www.google.com/maps/search/?api=1&query=Tu%20Sonrisa&query_place_id=ChIJU_gr3ITKvJURNFSABRmAYs8,ChIJU_gr3ITKvJURNFSABRmAYs8,
Dental Das Group Argentina - Estética dental - Carillas - Implantes,Dentista,Dentista,+54 11 4824-7177,+541148247177,,https://www.dental-argentina.com.ar/,"Laprida 1621 2 B, C1425 Cdad. Autónoma de Buenos Aires, Argentina",Laprida 1621 2 B,"Barrio Norte, Recoleta, Comuna 2",Cdad. Autónoma de Buenos Aires,C1425,Cdad. Autónoma de Buenos Aires,AR,-34.5910027,-58.4039302,4.5,306,https://www.google.com/maps/search/?api=1&query=Dental%20Das%20Group%20Argentina%20-%20Est%C3%A9tica%20dental%20-%20Carillas%20-%20Implantes&query_place_id=ChIJ03pNGpvKvJURC7SRbChdTHA,ChIJ03pNGpvKvJURC7SRbChdTHA,
Dental Woda,Dentista,Dentista | Dentista cosmético | Clínica dental,+54 11 7362-4454,+541173624454,,http://dentalwoda.com.ar/,"Marcelo Torcuato de Alvear 2163 5to piso, C1122 Cdad. Autónoma de Buenos Aires, Argentina",Marcelo Torcuato de Alvear 2163 5to piso,"Barrio Norte, Recoleta, Comuna 2",Cdad. Autónoma de Buenos Aires,C1122,Cdad. Autónoma de Buenos Aires,AR,-34.5970404,-58.3983153,4.8,508,https://www.google.com/maps/search/?api=1&query=Dental%20Woda&query_place_id=ChIJTRUXBGPLvJURC4tpg2bLQFw,ChIJTRUXBGPLvJURC4tpg2bLQFw,
Baires Odontología - Recoleta,Clínica dental,Clínica dental | Periodoncista de implantes dentales | Ortodoncista | Dentista infantil,+54 11 3851-0633,+541138510633,,https://www.bairesodontologia.com/,"Av. Sta. Fe 2650, C1425 Cdad. Autónoma de Buenos Aires, Argentina",Av. Sta. Fe 2650,"Barrio Norte, Recoleta, Comuna 2",Cdad. Autónoma de Buenos Aires,C1425,Cdad. Autónoma de Buenos Aires,AR,-34.5937973,-58.4045077,4.7,90,https://www.google.com/maps/search/?api=1&query=Baires%20Odontolog%C3%ADa%20-%20Recoleta&query_place_id=ChIJeTbW-CHLvJURXBufZkLuyO4,ChIJeTbW-CHLvJURXBufZkLuyO4,
Myos Consultorios Odontológicos - CABA,Clínica dental,Clínica dental,+54 11 3377-2300,+541133772300,,http://www.myosdiente.com.ar/,"Av. Pres. Roque Sáenz Peña 924, C1035 Cdad. Autónoma de Buenos Aires, Argentina",Av. Pres. Roque Sáenz Peña 924,"San Nicolás, Comuna 1",Cdad. Autónoma de Buenos Aires,C1035,Cdad. Autónoma de Buenos Aires,AR,-34.604781,-58.3800387,4.8,58,https://www.google.com/maps/search/?api=1&query=Myos%20Consultorios%20Odontol%C3%B3gicos%20-%20CABA&query_place_id=ChIJG3DZUebLvJURnGmvoQdW9po,ChIJG3DZUebLvJURnGmvoQdW9po,
Zuro Dental - Marcelo T. de Alvear (Anexo),Clínica dental,Clínica dental | Periodoncista de implantes dentales | Dentista | Mecánico protésico dental | Servicio de urgencias dentales | Endodoncista | Ortodoncista | Dentista infantil | Periodoncista | Prostodoncista,+54 11 7078-0570,+541170780570,,https://www.zurodental.com.ar/,"Marcelo Torcuato de Alvear 2345 1º A, C1122AAK Cdad. Autónoma de Buenos Aires, Argentina",Marcelo Torcuato de Alvear 2345 1º A,"Barrio Norte, Recoleta, Comuna 2",Cdad. Autónoma de Buenos Aires,C1122,Cdad. Autónoma de Buenos Aires,AR,-34.596443,-58.4007709,4.3,427,https://www.google.com/maps/search/?api=1&query=Zuro%20Dental%20-%20Marcelo%20T.%20de%20Alvear%20(Anexo)&query_place_id=ChIJZfo27APLvJURM2ydZZk-mJ4,ChIJZfo27APLvJURM2ydZZk-mJ4,
"Fog City Community Fitness, CrossFit, and Olympic Weightlifting",Gimnasio,Gimnasio | Centro deportivo | Entrenador personal,(415) 508-4432,+14155084432,,http://www.fogcitycf.com/,"1649 Valencia St, San Francisco, CA 94110",1649 Valencia St,Cima de los Altos de Bernál,San Francisco,94110,California,US,37.7468306,-122.4199287,4.7,26,https://www.google.com/maps/search/?api=1&query=Fog%20City%20Community%20Fitness%2C%20CrossFit%2C%20and%20Olympic%20Weightlifting&query_place_id=ChIJAS0w5nB_j4ARPKSLAuULZUM,ChIJAS0w5nB_j4ARPKSLAuULZUM,
AIRE GYM & FITNESS,Gimnasio,Gimnasio,+54 9 11 3247-3091,+5491132473091,,,"Av. Belgrano 1141, C1092AAL Cdad. Autónoma de Buenos Aires, Argentina",Av. Belgrano 1141,"Monserrat, Comuna 1",Cdad. Autónoma de Buenos Aires,C1092,Cdad. Autónoma de Buenos Aires,AR,-34.6130471,-58.3824441,4.3,276,https://www.google.com/maps/search/?api=1&query=AIRE%20GYM%20%26%20FITNESS&query_place_id=ChIJz1XCUdfKvJURAwc2Z3Yr_S4,ChIJz1XCUdfKvJURAwc2Z3Yr_S4,
Gimnasio Smart Fit - Microcentro,Gimnasio,Gimnasio | Programa de acondicionamiento físico,,,,https://www.smartfit.com.ar/?utm_source=google&utm_medium=maps&utm_campaign=lbm-BACMIC1,"Tte. Gral. Juan Domingo Perón 547, C1038 Cdad. Autónoma de Buenos Aires, Argentina",Tte. Gral. Juan Domingo Perón 547,"San Nicolás, Comuna 1",Cdad. Autónoma de Buenos Aires,C1038,Cdad. Autónoma de Buenos Aires,AR,-34.6055636,-58.3745032,4.6,591,https://www.google.com/maps/search/?api=1&query=Gimnasio%20Smart%20Fit%20-%20Microcentro&query_place_id=ChIJS9c-Q97LvJURV8JL9STZNVk,ChIJS9c-Q97LvJURV8JL9STZNVk,
Gimnasio Smart Fit - Barrio Norte,Gimnasio,Gimnasio | Programa de acondicionamiento físico,,,,https://www.smartfit.com.ar/?utm_source=google&utm_medium=maps&utm_campaign=lbm-BACBNO1,"Av. Sta. Fe 1883, C1123 Cdad. Autónoma de Buenos Aires, Argentina",Av. Sta. Fe 1883,"Barrio Norte, Recoleta, Comuna 2",Cdad. Autónoma de Buenos Aires,C1123,Cdad. Autónoma de Buenos Aires,AR,-34.5956693,-58.394347,3.9,739,https://www.google.com/maps/search/?api=1&query=Gimnasio%20Smart%20Fit%20-%20Barrio%20Norte&query_place_id=ChIJZwJ5fTDLvJURMNNjsJozYj8,ChIJZwJ5fTDLvJURMNNjsJozYj8,
Buenos Aires Gym,Gimnasio,Gimnasio,+54 11 4981-8218,+541149818218,,,"C1184 Cdad. Autónoma de Buenos Aires, Argentina",,"Almagro, Comuna 5",Cdad. Autónoma de Buenos Aires,,Cdad. Autónoma de Buenos Aires,AR,-34.6111164,-58.4302042,4.5,54,https://www.google.com/maps/search/?api=1&query=Buenos%20Aires%20Gym&query_place_id=ChIJYxRnImjKvJURykS7raAFhfY,ChIJYxRnImjKvJURykS7raAFhfY,
Martín Eyras Fitness,Entrenador personal,Entrenador personal,+54 11 5655-3680,+541156553680,,https://www.instagram.com/martineyrasfitness?igsh=MTB3emVxMWcyaGU3bw==&utm_source=qr,"Montevideo 1301, C1426 Cdad. Autónoma de Buenos Aires, Argentina",Montevideo 1301,"Barrio Norte, Recoleta, Comuna 2",Cdad. Autónoma de Buenos Aires,C1426,Cdad. Autónoma de Buenos Aires,AR,-34.5936236,-58.38934,5,68,https://www.google.com/maps/search/?api=1&query=Mart%C3%ADn%20Eyras%20Fitness&query_place_id=ChIJW3Q1cjTLvJURfdqxqqr64AY,ChIJW3Q1cjTLvJURfdqxqqr64AY,
Smart Training,Entrenador personal,Entrenador personal,+54 9 11 6126-6559,+5491161266559,,https://linktr.ee/JMTrainer,"Lavalle 925, C1047 Cdad. Autónoma de Buenos Aires, Argentina",Lavalle 925,"San Nicolás, Comuna 1",Cdad. Autónoma de Buenos Aires,C1047,Cdad. Autónoma de Buenos Aires,AR,-34.6023304,-58.3799284,5,41,https://www.google.com/maps/search/?api=1&query=Smart%20Training&query_place_id=ChIJOxZE1czLvJURSjdGPpuh8M8,ChIJOxZE1czLvJURSjdGPpuh8M8,
Bs As Personal Trainer,Entrenador personal,Entrenador personal,+54 11 5757-6303,+541157576303,,https://www.bsaspersonaltrainer.com.ar/,"Av. Juramento 1500, C1428 Cdad. Autónoma de Buenos Aires, Argentina",Av. Juramento 1500,"Belgrano, Comuna 13",Cdad. Autónoma de Buenos Aires,C1428,Cdad. Autónoma de Buenos Aires,AR,-34.5569228,-58.4477195,5,223,https://www.google.com/maps/search/?api=1&query=Bs%20As%20Personal%20Trainer&query_place_id=ChIJH1AAQ2i1vJURXJe2iF5Mnsw,ChIJH1AAQ2i1vJURXJe2iF5Mnsw,
Personal Trainer NeoTrainner,Entrenador personal,Entrenador personal | Boot Camp,+54 11 6597-3335,+541165973335,,http://www.neotrainner.com/,"Sinclair 3168, C1425 FRF, Cdad. Autónoma de Buenos Aires, Argentina",Sinclair 3168,Palermo,FRF,C1425,Cdad. Autónoma de Buenos Aires,AR,-34.5734032,-58.4227571,4.4,31,https://www.google.com/maps/search/?api=1&query=Personal%20Trainer%20NeoTrainner&query_place_id=ChIJq-4VtJ61vJURtrBdpFZnHyo,ChIJq-4VtJ61vJURtrBdpFZnHyo,
ECK Training,Entrenador personal,Entrenador personal,+54 11 6425-4462,+541164254462,,http://www.ecktraining.com/,"Salguero, French y, 1425 Buenos Aires, Argentina","Salguero, French y","Palermo, Comuna 14",Cdad. Autónoma de Buenos Aires,1425,Cdad. Autónoma de Buenos Aires,AR,-34.5845184,-58.4103883,4.8,57,https://www.google.com/maps/search/?api=1&query=ECK%20Training&query_place_id=ChIJV3j7bfq1vJURn52PmD1fwpo,ChIJV3j7bfq1vJURn52PmD1fwpo,
Body Beast By Caro Navarro,Entrenador personal,Entrenador personal,,,,,"Av. José María Moreno 446, C1437BRR Cdad. Autónoma de Buenos Aires, Argentina",Av. José María Moreno 446,"Caballito, Comuna 6",Cdad. Autónoma de Buenos Aires,C1437,Cdad. Autónoma de Buenos Aires,AR,-34.6237754,-58.4343015,5,153,https://www.google.com/maps/search/?api=1&query=Body%20Beast%20By%20Caro%20Navarro&query_place_id=ChIJZ07UxjXLvJURunANH-hy5YY,ChIJZ07UxjXLvJURunANH-hy5YY,
Personal Trainer Alejandro Gamez,Entrenador personal,Entrenador personal | Nutricionista,+54 9 11 2396-2005,+5491123962005,,https://www.instagram.com/alejandrogamezb?igsh=MTRjYmU5dDM3ZzRsOA==,"C1176 Cdad. Autónoma de Buenos Aires, Argentina",,"Barrio Norte, Recoleta, Comuna 2",Cdad. Autónoma de Buenos Aires,C1176,Cdad. Autónoma de Buenos Aires,AR,-34.5980324,-58.4080379,5,32,https://www.google.com/maps/search/?api=1&query=Personal%20Trainer%20Alejandro%20Gamez&query_place_id=ChIJU7uoU1bLvJURUWJ07gHOXCQ,ChIJU7uoU1bLvJURUWJ07gHOXCQ,
Interval CABA,Institución educativa,Institución educativa | Centro escolar | Centro de formación,+54 11 6155-3644,+541161553644,,http://www.escuelainterval.com/,"Av. Corrientes 4524 1° Piso, C1195 Cdad. Autónoma de Buenos Aires, Argentina",Av. Corrientes 4524 1° Piso,"Almagro, Comuna 5",Cdad. Autónoma de Buenos Aires,C1195,Cdad. Autónoma de Buenos Aires,AR,-34.602521,-58.428968,4.9,988,https://www.google.com/maps/search/?api=1&query=Interval%20CABA&query_place_id=ChIJ1xe1pfzLvJURYjEJ1VJ80wQ,ChIJ1xe1pfzLvJURYjEJ1VJ80wQ,
Lucas.Personalfit,Gimnasio,Gimnasio,+54 11 3810-2567,+541138102567,,https://instagram.com/lucas.personalfit?utm_medium=copy_link,"Jerónimo Salguero 2455, C1425 Cdad. Autónoma de Buenos Aires, Argentina",Jerónimo Salguero 2455,"Palermo, Comuna 14",Cdad. Autónoma de Buenos Aires,C1425,Cdad. Autónoma de Buenos Aires,AR,-34.583054,-58.410022,5,12,https://www.google.com/maps/search/?api=1&query=Lucas.Personalfit&query_place_id=ChIJtdvk0Y21vJURMhqMflLEJ70,ChIJtdvk0Y21vJURMhqMflLEJ70,
Greg Entrenador Personal - Nutricional,Gimnasio,Gimnasio,,,,https://www.instagram.com/riverogregory/?hl=es-la,"Agüero 1314, C1425 Cdad. Autónoma de Buenos Aires, Argentina",Agüero 1314,"Barrio Norte, Recoleta, Comuna 2",Cdad. Autónoma de Buenos Aires,C1425,Cdad. Autónoma de Buenos Aires,AR,-34.5942407,-58.40903,5,13,https://www.google.com/maps/search/?api=1&query=Greg%20Entrenador%20Personal%20-%20Nutricional&query_place_id=ChIJcSTIaXvLvJURX2wOe30llJ4,ChIJcSTIaXvLvJURX2wOe30llJ4,
Santoro Training - Entrenamiento al aire libre,Entrenador personal,Entrenador personal,+54 11 3432-2662,+541134322662,,https://www.instagram.com/santoro.training/,"Nueva York 4021, C1419 Cdad. Autónoma de Buenos Aires, Argentina",Nueva York 4021,"Villa Devoto, Comuna 11",Cdad. Autónoma de Buenos Aires,C1419,Cdad. Autónoma de Buenos Aires,AR,-34.6002136,-58.5118088,5,115,https://www.google.com/maps/search/?api=1&query=Santoro%20Training%20-%20Entrenamiento%20al%20aire%20libre&query_place_id=ChIJTxzFJgq3vJURscVDpphpX1Q,ChIJTxzFJgq3vJURscVDpphpX1Q,
PM Personal Trainer- Entrenador personal,Entrenador personal,Entrenador personal,+54 11 6010-0437,+541160100437,,http://www.facebook.com/pmpersonaltrainer,"Billinghurst 1126, C1174 Cdad. Autónoma de Buenos Aires, Argentina",Billinghurst 1126,"Barrio Norte, Recoleta, Comuna 2",Cdad. Autónoma de Buenos Aires,C1174,Cdad. Autónoma de Buenos Aires,AR,-34.5965126,-58.4143186,5,16,https://www.google.com/maps/search/?api=1&query=PM%20Personal%20Trainer-%20Entrenador%20personal&query_place_id=ChIJfVj0LIbKvJURJmVWsKmak1o,ChIJfVj0LIbKvJURJmVWsKmak1o,
IAE FITNESS ARGENTINA,Institución educativa,Institución educativa,+54 11 6370-3144,+541163703144,,https://www.iaefitness.com.ar/,"Dr. H. Dupuy 1166, B1619 Garin, Provincia de Buenos Aires, Argentina",Dr. H. Dupuy 1166,,Garin,B1619,Provincia de Buenos Aires,AR,-34.4204557,-58.7343603,4.9,48,https://www.google.com/maps/search/?api=1&query=IAE%20FITNESS%20ARGENTINA&query_place_id=ChIJHz4N166hvJURq5BdUIHHaR4,ChIJHz4N166hvJURq5BdUIHHaR4,
Entrenamiento Personalizado RC,Entrenador personal,Entrenador personal,+54 11 5799-7014,+541157997014,,https://www.pfrodrigocastro.com/,"Av. Pres. Figueroa Alcorta 3407, C1425AED Cdad. Autónoma de Buenos Aires, Argentina",Av. Pres. Figueroa Alcorta 3407,"Palermo Chico, Palermo, Comuna 14",Cdad. Autónoma de Buenos Aires,C1425,Cdad. Autónoma de Buenos Aires,AR,-34.5772789,-58.4034091,5,18,https://www.google.com/maps/search/?api=1&query=Entrenamiento%20Personalizado%20RC&query_place_id=ChIJo0m02Tu1vJURgGLOqwDVCME,ChIJo0m02Tu1vJURgGLOqwDVCME,
Powerfitok Entrenamientos,Entrenador personal,Entrenador personal,,,,https://instagram.com/powerfitok?utm_medium=copy_link,"Av. Directorio 2000, C1406 Cdad. Autónoma de Buenos Aires, Argentina",Av. Directorio 2000,"Flores, Comuna 7",Cdad. Autónoma de Buenos Aires,C1406,Cdad. Autónoma de Buenos Aires,AR,-34.6322077,-58.4559876,5,102,https://www.google.com/maps/search/?api=1&query=Powerfitok%20Entrenamientos&query_place_id=ChIJg9dp0cLLvJURCMl-KBwiEPY,ChIJg9dp0cLLvJURCMl-KBwiEPY,
OficialFes,Entrenador personal,Entrenador personal | Service establishment,+1 204-410-3913,+12044103913,,http://www.oficialfes.com/,,,,,,,,-34.5734334,-58.4210154,5,61,https://www.google.com/maps/search/?api=1&query=OficialFes&query_place_id=ChIJp5Tjh-7n3g4RzDEymsC8mEw,ChIJp5Tjh-7n3g4RzDEymsC8mEw,
Agostina Vizgarra,Entrenador personal,Entrenador personal | Service establishment,+54 379 400-2335,+543794002335,,,,,,,,,,-38.45155,-63.5989957,4.7,30,https://www.google.com/maps/search/?api=1&query=Agostina%20Vizgarra&query_place_id=ChIJwy1kx-61vJURAq2KA2n8zw8,ChIJwy1kx-61vJURAq2KA2n8zw8,
AIRESFITBOX - Entrenamiento Funcional al Aire Libre PALERMO,Entrenador personal,Entrenador personal | Club deportivo,+54 9 11 2253-6196,+5491122536196,,https://www.instagram.com/airesfitbox,"Plaza Unidad Lationamericana, El Salvador 4037, C1425 Cdad. Autónoma de Buenos Aires, Argentina","Plaza Unidad Lationamericana, El Salvador 4037","Palermo, Comuna 14",Cdad. Autónoma de Buenos Aires,C1425,Cdad. Autónoma de Buenos Aires,AR,-34.5922399,-58.4199758,5,29,https://www.google.com/maps/search/?api=1&query=AIRESFITBOX%20-%20Entrenamiento%20Funcional%20al%20Aire%20Libre%20PALERMO&query_place_id=ChIJfXObQ7PLvJURJQWbH_WG-wY,ChIJfXObQ7PLvJURJQWbH_WG-wY,
La Oficina - Centro de entrenamiento,Entrenador personal,Entrenador personal,,,,https://www.fercontrerastraining.com/,"Av. Callao 661, C1056 Cdad. Autónoma de Buenos Aires, Argentina",Av. Callao 661,"San Nicolás, Comuna 1",Cdad. Autónoma de Buenos Aires,C1056,Cdad. Autónoma de Buenos Aires,AR,-34.6012432,-58.3924825,5,18,https://www.google.com/maps/search/?api=1&query=La%20Oficina%20-%20Centro%20de%20entrenamiento&query_place_id=ChIJkYP9aADLvJURmZQD-XwQ3fU,ChIJkYP9aADLvJURmZQD-XwQ3fU,
𝙀𝙣𝙩𝙧𝙚𝙣𝙖𝙢𝙞𝙚𝙣𝙩𝙤 𝙋𝙚𝙧𝙨𝙤𝙣𝙖𝙡𝙞𝙯𝙖𝙙𝙤 ✩ 𝙍𝙤𝙘𝙞𝙤 𝙁𝙄𝙏𝙉𝙀𝙎𝙨 ✩,,,+54 11 5976-6324,+541159766324,,https://www.instagram.com/pf.rofit/,"Cavia 3094, C1425 Cdad. Autónoma de Buenos Aires, Argentina",Cavia 3094,"Palermo, Comuna 14",Cdad. Autónoma de Buenos Aires,C1425,Cdad. Autónoma de Buenos Aires,AR,-34.5761522,-58.4063956,5,14,https://www.google.com/maps/search/?api=1&query=%F0%9D%99%80%F0%9D%99%A3%F0%9D%99%A9%F0%9D%99%A7%F0%9D%99%9A%F0%9D%99%A3%F0%9D%99%96%F0%9D%99%A2%F0%9D%99%9E%F0%9D%99%9A%F0%9D%99%A3%F0%9D%99%A9%F0%9D%99%A4%20%F0%9D%99%8B%F0%9D%99%9A%F0%9D%99%A7%F0%9D%99%A8%F0%9D%99%A4%F0%9D%99%A3%F0%9D%99%96%F0%9D%99%A1%F0%9D%99%9E%F0%9D%99%AF%F0%9D%99%96%F0%9D%99%99%F0%9D%99%A4%20%E2%9C%A9%20%F0%9D%99%8D%F0%9D%99%A4%F0%9D%99%98%F0%9D%99%9E%F0%9D%99%A4%20%F0%9D%99%81%F0%9D%99%84%F0%9D%99%8F%F0%9D%99%89%F0%9D%99%80%F0%9D%99%8E%F0%9D%99%A8%20%E2%9C%A9&query_place_id=ChIJM3iubV-1vJUR_-RqglQRFRs,ChIJM3iubV-1vJUR_-RqglQRFRs,
personal trainer valeria,Entrenador personal,Entrenador personal,+54 11 5479-4698,+541154794698,,http://valeriasaladrigas.wixsite.com/,"Montañeses 1900, C1428 Cdad. Autónoma de Buenos Aires, Argentina",Montañeses 1900,"Belgrano, Comuna 13",Cdad. Autónoma de Buenos Aires,C1428,Cdad. Autónoma de Buenos Aires,AR,-34.5594201,-58.4473398,5,16,https://www.google.com/maps/search/?api=1&query=personal%20trainer%20valeria&query_place_id=ChIJS9nZo8y1vJURAl2b1L5b254,ChIJS9nZo8y1vJURAl2b1L5b254,
Personal Trainer en CABA - Entrenadora Laura T.,Entrenador personal,Entrenador personal,+54 11 6850-1080,+541168501080,,https://wa.me/1168501080,"Bruselas 866, C1408 Cdad. Autónoma de Buenos Aires, Argentina",Bruselas 866,"Versalles, Comuna 10",Cdad. Autónoma de Buenos Aires,C1408,Cdad. Autónoma de Buenos Aires,AR,-34.6273786,-58.5233418,5,7,https://www.google.com/maps/search/?api=1&query=Personal%20Trainer%20en%20CABA%20-%20Entrenadora%20Laura%20T.&query_place_id=ChIJGS9DLanJvJURqkAZeqnZNRk,ChIJGS9DLanJvJURqkAZeqnZNRk,
Yani Coach,Coaching center,Coaching center,,,,https://linktr.ee/yanina_coach,"Manhattan Ave, Brooklyn, NY 10120",Manhattan Ave,Williamsburg,Brooklyn,10120,New York,US,40.721297,-73.9488772,4.9,71,https://www.google.com/maps/search/?api=1&query=Yani%20Coach&query_place_id=ChIJN_O-m2BZwokRiflZThrZMVc,ChIJN_O-m2BZwokRiflZThrZMVc,
Atlas Institute of Technology,Centro de formación profesional,Centro de formación profesional | Institución educativa | Escuela de comercio,(703) 352-7777,+17033527777,,http://atlassinstitute.com/,"8870 Rixlew Ln, Manassas, VA 20109",8870 Rixlew Ln,,Manassas,20109,Virginia,US,38.762818,-77.5078614,5,435,https://www.google.com/maps/search/?api=1&query=Atlas%20Institute%20of%20Technology&query_place_id=ChIJBTT31YJGtokRnyXFo5V-A20,ChIJBTT31YJGtokRnyXFo5V-A20,
Shapes R In,Entrenador personal,Entrenador personal | Nutricionista | Fisioterapeuta | Centro de adelgazamiento,(973) 536-5963,+19735365963,,https://shapesrin.com/,"100 US-46 suite B03, Mountain Lakes, NJ 07046",100 US-46 suite B03,,Mountain Lakes,07046,New Jersey,US,40.8835782,-74.459372,4.8,205,https://www.google.com/maps/search/?api=1&query=Shapes%20R%20In&query_place_id=ChIJJWH305UJw4kRQTrQfQWIJKU,ChIJJWH305UJw4kRQTrQfQWIJKU,
Harlem YMCA,Organización sin ánimo de lucro,Organización sin ánimo de lucro | Centro deportivo | Gimnasio | Piscina cubierta | Organización juvenil,(212) 912-2100,+12129122100,,https://ymcanyc.org/locations/harlem-ymca?utm_source=google&utm_medium=organic&utm_campaign=gbp,"180 W 135th St, New York, NY 10030",180 W 135th St,Manhattan,New York,10030,New York,US,40.814713,-73.9430109,3.8,191,https://www.google.com/maps/search/?api=1&query=Harlem%20YMCA&query_place_id=ChIJyf_MQHH2wokRL7_YjdVKc78,ChIJyf_MQHH2wokRL7_YjdVKc78,
Academy en Alerta,Institución educativa,Institución educativa | Service establishment,,,,https://www.academyenalerta.org/,,,,,,,,42.524494,-71.772281,5,30,https://www.google.com/maps/search/?api=1&query=Academy%20en%20Alerta&query_place_id=ChIJx1mXJ4Mp7asR4LNR3xIF-XY,ChIJx1mXJ4Mp7asR4LNR3xIF-XY,
Nacho Berti - Entrenador,Entrenador personal,Entrenador personal,,,,https://nachoberti.com/,"Guatemala 4480, C1425APG Cdad. Autónoma de Buenos Aires, Argentina",Guatemala 4480,"Palermo, Comuna 14",Cdad. Autónoma de Buenos Aires,C1425,Cdad. Autónoma de Buenos Aires,AR,-34.5880477,-58.4224381,5,28,https://www.google.com/maps/search/?api=1&query=Nacho%20Berti%20-%20Entrenador&query_place_id=ChIJT6sogoy1vJURuacI9C9pmXk,ChIJT6sogoy1vJURuacI9C9pmXk,
XperFit Wellness Club,Gimnasio,Gimnasio | Restaurante,+52 867 724 0421,+528677240421,,http://www.xperfit.com/,"C. Aldama #3101, Jardín, 88260 Nuevo Laredo, Tamps., México",C. Aldama #3101,Jardín,Nuevo Laredo,88260,Tamaulipas,MX,27.4704761,-99.512886,4.6,83,https://www.google.com/maps/search/?api=1&query=XperFit%20Wellness%20Club&query_place_id=ChIJX0FNR0UiYYYRq1UcUNiydWs,ChIJX0FNR0UiYYYRq1UcUNiydWs,
FITLAND GYM CLUB,Gimnasio,Gimnasio,,,,,"Av. Acereros 1039, Guadalupe, 25750 Monclova, Coah., México",Av. Acereros 1039,Guadalupe,Monclova,25750,Coahuila de Zaragoza,MX,26.9138438,-101.4407495,4.6,41,https://www.google.com/maps/search/?api=1&query=FITLAND%20GYM%20CLUB&query_place_id=ChIJT-Mr6JbPi4YRiX6IAnou-bk,ChIJT-Mr6JbPi4YRiX6IAnou-bk,
Strong Gym suc. Plaza tec.,Gimnasio,Gimnasio,+52 878 146 3223,+528781463223,,https://www.facebook.com/profile.php?id=100084047826301&mibextid=JRoKGi,"Tecnológico, 26080 Piedras Negras, Coah., México",,Tecnológico,Piedras Negras,26080,Coahuila de Zaragoza,MX,28.689041,-100.5590561,4.4,16,https://www.google.com/maps/search/?api=1&query=Strong%20Gym%20suc.%20Plaza%20tec.&query_place_id=ChIJ0UJVdyWLX4YRnGEAWLawzcQ,ChIJ0UJVdyWLX4YRnGEAWLawzcQ,
Fitness Army,Gimnasio,Gimnasio,+52 864 126 4439,+528641264439,,https://www.facebook.com/FitnessArmyMuzquiz/,"Gral. A. Menchaca 216, El Aguacate, 26342 Cdad. Melchor Múzquiz, Coah., México",Gral. A. Menchaca 216,El Aguacate,Cdad. Melchor Múzquiz,26342,Coahuila de Zaragoza,MX,27.8777349,-101.5114911,4.8,74,https://www.google.com/maps/search/?api=1&query=Fitness%20Army&query_place_id=ChIJSeb9RDoji4YRkxCKmz4v9v4,ChIJSeb9RDoji4YRkxCKmz4v9v4,
Ultra Health Club,Gimnasio,Gimnasio,,,,,"C. Gregorio M. Solis 1001, Alsacia Lorena, 33700 Santa Rosalía de Camargo, Chih., México",C. Gregorio M. Solis 1001,Alsacia Lorena,Santa Rosalía de Camargo,33700,Chihuahua,MX,27.6765556,-105.1687919,4.7,80,https://www.google.com/maps/search/?api=1&query=Ultra%20Health%20Club&query_place_id=ChIJjU9IkQivlIYRuMtH8DIaQ3w,ChIJjU9IkQivlIYRuMtH8DIaQ3w,
Baja Fit,Gimnasio,Gimnasio,,,,https://www.instagram.com/bajafitmx?igsh=MzRlODBiNWFlZA==,"Av. Juan Sarabia 8196, Zona Centro, 22000 Tijuana, B.C., México",Av. Juan Sarabia 8196,Zona Centro,Tijuana,22000,Baja California,MX,32.5256756,-117.0362157,4.8,98,https://www.google.com/maps/search/?api=1&query=Baja%20Fit&query_place_id=ChIJexuVSgBJ2YARi9kCW-6UPd8,ChIJexuVSgBJ2YARi9kCW-6UPd8,
Gimnasio HIIT PRO,Entrenador personal,Entrenador personal | Nutricionista | Gimnasio | Fisiatra,+52 686 212 1286,+526862121286,,https://gimnasioenmexicali.com/,"C. Novena 679-L-15, Residencial Mayakhan, 21376 Mexicali, B.C., México",C. Novena 679-L-15,Residencial Mayakhan,Mexicali,21376,Baja California,MX,32.6357343,-115.3855397,5,28,https://www.google.com/maps/search/?api=1&query=Gimnasio%20HIIT%20PRO&query_place_id=ChIJZy-MHqVx14AR7lR9t6ckKZE,ChIJZy-MHqVx14AR7lR9t6ckKZE,
Symmetry Gym,Gimnasio,Gimnasio,+52 664 210 3927,+526642103927,,https://gymsymmetry.mx/,"Blvd. Agua Caliente Supermanzana Galerias, Hipodromo, 22024 Tijuana, B.C., México",Blvd. Agua Caliente SM Galerias,"Supermanzana Galerias, Hipodromo",Tijuana,22024,Baja California,MX,32.5082087,-116.9917353,4.4,314,https://www.google.com/maps/search/?api=1&query=Symmetry%20Gym&query_place_id=ChIJw9utbgRI2YARCXx_9HxfTjM,ChIJw9utbgRI2YARCXx_9HxfTjM,
New Life Gym & Fitnes,Gimnasio,Gimnasio,+52 664 103 5163,+526641035163,,https://www.facebook.com/newlifegymfitness/,"Blvd. Licenciado Héctor Terán Terán 2907A, Jardin Dorado, 22200 Tijuana, B.C., México",Blvd. Licenciado Héctor Terán Terán 2907A,Jardin Dorado,Tijuana,22200,Baja California,MX,32.519965,-116.8899834,4.5,120,https://www.google.com/maps/search/?api=1&query=New%20Life%20Gym%20%26%20Fitnes&query_place_id=ChIJ-xJWQVM_2YARFjRJIXDevnQ,ChIJ-xJWQVM_2YARFjRJIXDevnQ,
Xtreme By Caz,Gimnasio,Gimnasio | Programa de acondicionamiento físico,+52 664 978 9346,+526649789346,,,"plaza del paseo Col, Blvd. Cucapah 21884, Lomas del Matamoros, 22206 Tijuana, B.C., México","plaza del paseo Col, Blvd. Cucapah 21884",Lomas del Matamoros,Tijuana,22206,Baja California,MX,32.5141716,-116.8791732,4.6,264,https://www.google.com/maps/search/?api=1&query=Xtreme%20By%20Caz&query_place_id=ChIJXWEerU0_2YARm1qNkN5uQa8,ChIJXWEerU0_2YARm1qNkN5uQa8,
RagnaroK Personal Training Camp,Entrenador personal,Entrenador personal | Escuela de boxeo | Gimnasio,+54 11 6552-6842,+541165526842,,https://sites.google.com/view/gymragnarok/inicio,"Av. Corrientes 542, C1043 Cdad. Autónoma de Buenos Aires, Argentina",Av. Corrientes 542,"San Nicolás, Comuna 1",Cdad. Autónoma de Buenos Aires,C1043,Cdad. Autónoma de Buenos Aires,AR,-34.6034343,-58.3744085,5,152,https://www.google.com/maps/search/?api=1&query=RagnaroK%20Personal%20Training%20Camp&query_place_id=ChIJLfWijJrLvJURzREZ2RJH7sk,ChIJLfWijJrLvJURzREZ2RJH7sk,
Strength Gym,Gimnasio,Gimnasio,+52 662 323 2342,+526623232342,,https://m.facebook.com/Gimnasio-Strength-248363548582493/,"Av. José San Healy 283a, Balderrama, 83180 Hermosillo, Son., México",Av. José San Healy 283a,Balderrama,Hermosillo,83180,Sonora,MX,29.1004365,-110.9729647,4.6,143,https://www.google.com/maps/search/?api=1&query=Strength%20Gym&query_place_id=ChIJ6XZYjSGEzoYRoOG8O07s0sc,ChIJ6XZYjSGEzoYRoOG8O07s0sc,
Total Gym Camino del Seri,Gimnasio,Gimnasio,+52 662 220 3610,+526622203610,,http://www.totalgymmexico.com/,"Blvd. Camino del Seri 344, Sin Asignación En Nombre de Asentamiento, 83287 Hermosillo, Son., México",Blvd. Camino del Seri 344,Sin Asignación En Nombre de Asentamiento,Hermosillo,83287,Sonora,MX,29.0616625,-110.983007,4.5,316,https://www.google.com/maps/search/?api=1&query=Total%20Gym%20Camino%20del%20Seri&query_place_id=ChIJbTmJ_2KEzoYR2x1SG25QDWs,ChIJbTmJ_2KEzoYR2x1SG25QDWs,
New Body Gym,Gimnasio,Gimnasio,+52 644 236 2824,+526442362824,,,"Av. No Reeleccion 927, Cumuripa, 85149 Cdad. Obregón, Son., México",Av. No Reeleccion 927,Cumuripa,Cdad. Obregón,85149,Sonora,MX,27.4920642,-109.94943,4.5,245,https://www.google.com/maps/search/?api=1&query=New%20Body%20Gym&query_place_id=ChIJZzibG_YVyIYRMo3jS6O7goU,ChIJZzibG_YVyIYRMo3jS6O7goU,
FISIC Fitness,Gimnasio,Gimnasio,+52 686 555 5556,+526865555556,,http://www.fisic.mx/,"Frente a Costco, Blvd. Benito Juárez, Carretera Union 1850-y, 21397 Mexicali, B.C., México","Frente a Costco, Blvd. Benito Juárez, Carretera Union 1850-y",,Mexicali,21397,B.C.,MX,32.6062089,-115.4362087,4.7,219,https://www.google.com/maps/search/?api=1&query=FISIC%20Fitness&query_place_id=ChIJ2YmQR9Bw14AReasqQyXsbXo,ChIJ2YmQR9Bw14AReasqQyXsbXo,
Evolution Gym,Gimnasio,Gimnasio,+52 686 565 5335,+526865655335,,,"Calz. Manuel Gómez Morín 1938, Rancho la Bodega, 21379 Mexicali, B.C., México",Calz. Manuel Gómez Morín 1938,Rancho la Bodega,Mexicali,21379,Baja California,MX,32.6303802,-115.4137315,4.6,255,https://www.google.com/maps/search/?api=1&query=Evolution%20Gym&query_place_id=ChIJzxLSmBBx14ARJe6sqknmtIE,ChIJzxLSmBBx14ARJe6sqknmtIE,
One Premium Gym,Gimnasio,Gimnasio,+52 686 565 6010,+526865656010,,http://onepremiumgym.com/,"Calz. Cetys 1800-Int. 6, Cataviña, 21240 Mexicali, B.C., México",Calz. Cetys 1800-Int. 6,Cataviña,Mexicali,21240,Baja California,MX,32.6538527,-115.4130443,4.5,152,https://www.google.com/maps/search/?api=1&query=One%20Premium%20Gym&query_place_id=ChIJ7YMVaaVx14ARaZJrEgVBUsY,ChIJ7YMVaaVx14ARaZJrEgVBUsY,
Flex Gym,Gimnasio,Gimnasio,+52 686 565 3630,+526865653630,,,"Calz. de las Américas 1055, Compuertas, 21210 Mexicali, B.C., México",Calz. de las Américas 1055,Compuertas,Mexicali,21210,Baja California,MX,32.6636128,-115.4306029,4.8,105,https://www.google.com/maps/search/?api=1&query=Flex%20Gym&query_place_id=ChIJB8R-4Qdx14ARq9xfv-urxi0,ChIJB8R-4Qdx14ARq9xfv-urxi0,
Move training center,Centro deportivo,Centro deportivo,+54 11 2191-6104,+541121916104,,https://instagram.com/move.trainingcenter?igshid=NDk5N2NlZjQ=,"Matheu 1724, C1249 Cdad. Autónoma de Buenos Aires, Argentina",Matheu 1724,"Parque Patricios, Comuna 4",Cdad. Autónoma de Buenos Aires,C1249,Cdad. Autónoma de Buenos Aires,AR,-34.6298033,-58.397988,5,54,https://www.google.com/maps/search/?api=1&query=Move%20training%20center&query_place_id=ChIJP2rpgKvLvJUR0vYfeqg1-3k,ChIJP2rpgKvLvJUR0vYfeqg1-3k,
Andrea Fitness Oficial,Gimnasio,Gimnasio,+54 11 2313-1209,+541123131209,,,"Pje. Provincias Unidas 353, C1427 Cdad. Autónoma de Buenos Aires, Argentina",Pje. Provincias Unidas 353,"Parque Chacabuco, Capital",Cdad. Autónoma de Buenos Aires,C1427,Cdad. Autónoma de Buenos Aires,AR,-34.6338802,-58.4300766,5,26,https://www.google.com/maps/search/?api=1&query=Andrea%20Fitness%20Oficial&query_place_id=ChIJe25fmYnLvJURTgd-Mh_tm1I,ChIJe25fmYnLvJURTgd-Mh_tm1I,
ND Training,Gimnasio,Gimnasio,+54 11 4144-1440,+541141441440,,https://ndtraining.com.ar/,"Av. Suárez 1581, C1288AEG Cdad. Autónoma de Buenos Aires, Argentina",Av. Suárez 1581,"Barracas, Comuna 4",Cdad. Autónoma de Buenos Aires,C1288,Cdad. Autónoma de Buenos Aires,AR,-34.6383075,-58.3730632,5,162,https://www.google.com/maps/search/?api=1&query=ND%20Training&query_place_id=ChIJ9e3ELZk1o5URJDmOJFdDmJA,ChIJ9e3ELZk1o5URJDmOJFdDmJA,
Fit - Gimnasio Personalizado & Personal Trainer,Entrenador personal,Entrenador personal | Gimnasio,+54 9 11 3876-4855,+5491138764855,,https://instagram.com/gimnasiofit,"Río de Janeiro 670, C1405 Cdad. Autónoma de Buenos Aires, Argentina",Río de Janeiro 670,"Caballito, Comuna 6",Cdad. Autónoma de Buenos Aires,C1405,Cdad. Autónoma de Buenos Aires,AR,-34.6075006,-58.4309126,4.9,73,https://www.google.com/maps/search/?api=1&query=Fit%20-%20Gimnasio%20Personalizado%20%26%20Personal%20Trainer&query_place_id=ChIJT0gjDGXLvJUR24dBaF-wb-c,ChIJT0gjDGXLvJUR24dBaF-wb-c,
Dr. Eugenio Chouhy - Cirujano Plástico especialista en cirugía mamaria de rápida recuperación.,Cirujano plástico,Cirujano plástico,+54 11 3013-6684,+541130136684,,https://eugeniochouhy.com/,"Olga Cossettini 731, C1107 Cdad. Autónoma de Buenos Aires, Argentina",Olga Cossettini 731,"Puerto Madero, Comuna 1",Cdad. Autónoma de Buenos Aires,C1107,Cdad. Autónoma de Buenos Aires,AR,-34.6057544,-58.3642298,5,332,https://www.google.com/maps/search/?api=1&query=Dr.%20Eugenio%20Chouhy%20-%20Cirujano%20Pl%C3%A1stico%20especialista%20en%20cirug%C3%ADa%20mamaria%20de%20r%C3%A1pida%20recuperaci%C3%B3n.&query_place_id=ChIJoSDjJLTKvJUR1-OeE6SKd1g,ChIJoSDjJLTKvJUR1-OeE6SKd1g,
Dr. Héctor Martínez | Cirujano Plástico y Reconstructivo | Buenos Aires,Cirujano plástico,Cirujano plástico,+54 9 11 2603-3636,+5491126033636,,https://doctorhectormartinez.com/,"Av. Gral. Las Heras 1628, C1018AAN Cdad. Autónoma de Buenos Aires, Argentina",Av. Gral. Las Heras 1628,"Barrio Norte, Recoleta, Comuna 2",Cdad. Autónoma de Buenos Aires,C1018,Cdad. Autónoma de Buenos Aires,AR,-34.5932315,-58.3905252,4.9,83,https://www.google.com/maps/search/?api=1&query=Dr.%20H%C3%A9ctor%20Mart%C3%ADnez%20%7C%20Cirujano%20Pl%C3%A1stico%20y%20Reconstructivo%20%7C%20Buenos%20Aires&query_place_id=ChIJJ1gJAdTLvJUR8XyALbjMGw8,ChIJJ1gJAdTLvJUR8XyALbjMGw8,
Dr Mauricio Merlo | Cirujano Plástico especialista en rinoplastia,Cirujano plástico,Cirujano plástico,+54 11 3422-6059,+541134226059,,http://www.drmauriciomerlo.com/,"Arenales 1487, C1061 Cdad. Autónoma de Buenos Aires, Argentina",Arenales 1487,"Barrio Norte, Recoleta, Comuna 2",Cdad. Autónoma de Buenos Aires,C1061,Cdad. Autónoma de Buenos Aires,AR,-34.5945842,-58.3882731,4.8,56,https://www.google.com/maps/search/?api=1&query=Dr%20Mauricio%20Merlo%20%7C%20Cirujano%20Pl%C3%A1stico%20especialista%20en%20rinoplastia&query_place_id=ChIJObBZpJvLvJUROoVUH8YREjo,ChIJObBZpJvLvJUROoVUH8YREjo,
Cirugía Plástica Dr. Rodrigo Mina.,Cirujano plástico,Cirujano plástico | Clínica de cirugía plástica,+54 11 4144-7176,+541141447176,,http://www.rodrigomina.com.ar/,"Rivadavia 1157, C1033 Cdad. Autónoma de Buenos Aires, Argentina",Rivadavia 1157,"San Nicolás, Comuna 1",Cdad. Autónoma de Buenos Aires,C1033,Cdad. Autónoma de Buenos Aires,AR,-34.6084536,-58.3828066,5,160,https://www.google.com/maps/search/?api=1&query=Cirug%C3%ADa%20Pl%C3%A1stica%20Dr.%20Rodrigo%20Mina.&query_place_id=ChIJF2zhZdK1vJURKLkIFti738c,ChIJF2zhZdK1vJURKLkIFti738c,
Dra. Karina Sirka Cirujano Plástico. Especialista en Contorno corporal UGRAFT Technique. Lipoescultura de Alta Definición,Cirujano plástico,Cirujano plástico,,,,http://www.drakarinasirka.com.ar/,"Juncal 3302, C1425 Cdad. Autónoma de Buenos Aires, Argentina",Juncal 3302,"Palermo, Comuna 14",Cdad. Autónoma de Buenos Aires,C1425,Cdad. Autónoma de Buenos Aires,AR,-34.5851511,-58.4111993,5,33,https://www.google.com/maps/search/?api=1&query=Dra.%20Karina%20Sirka%20Cirujano%20Pl%C3%A1stico.%20Especialista%20en%20Contorno%20corporal%20UGRAFT%20Technique.%20Lipoescultura%20de%20Alta%20Definici%C3%B3n&query_place_id=ChIJHxhxD1i1vJUR2biy0WvT32I,ChIJHxhxD1i1vJUR2biy0WvT32I,
Dr. Juan Serén - Cirujano Plástico especialista en cirugía mamaria de rápida recuperación,Cirujano plástico,Cirujano plástico,,,,http://www.doctorseren.com/home,"Oficinas América, Av. Callao 1059, C1023 Cdad. Autónoma de Buenos Aires, Argentina","Oficinas América, Av. Callao 1059","Barrio Norte, Recoleta, Comuna 2",Cdad. Autónoma de Buenos Aires,C1023,Cdad. Autónoma de Buenos Aires,AR,-34.5964456,-58.3930641,4.9,539,https://www.google.com/maps/search/?api=1&query=Dr.%20Juan%20Ser%C3%A9n%20-%20Cirujano%20Pl%C3%A1stico%20especialista%20en%20cirug%C3%ADa%20mamaria%20de%20r%C3%A1pida%20recuperaci%C3%B3n&query_place_id=ChIJgQ1fUb3KvJUR9Fldr_znlEc,ChIJgQ1fUb3KvJUR9Fldr_znlEc,
Dr. Mauricio Navarro Cirujano Plástico,Cirujano plástico,Cirujano plástico,,,,http://www.drmauricionavarro.com/,"J. B Ciudad Autónoma de Buenos Aires AR, Juan B. Ambrosetti 27, C1184 AAC, Argentina","J. B Ciudad Autónoma de Buenos Aires AR, Juan B. Ambrosetti 27",Caballito,AAC,C1184,Cdad. Autónoma de Buenos Aires,AR,-34.617305,-58.435395,5,51,https://www.google.com/maps/search/?api=1&query=Dr.%20Mauricio%20Navarro%20Cirujano%20Pl%C3%A1stico&query_place_id=ChIJ851bFc80o5URMj8XJOeIgZ0,ChIJ851bFc80o5URMj8XJOeIgZ0,
Cirugía Buenos Aires,Médico,Médico,+54 11 5365-7083,+541153657083,,http://www.cirugiabuenosaires.com.ar/,"Larrea 1035 5 b, C1117ABE Cdad. Autónoma de Buenos Aires, Argentina",Larrea 1035 5 b,"Barrio Norte, Recoleta, Comuna 2",Cdad. Autónoma de Buenos Aires,C1117,Cdad. Autónoma de Buenos Aires,AR,-34.5958319,-58.4013696,3.6,19,https://www.google.com/maps/search/?api=1&query=Cirug%C3%ADa%20Buenos%20Aires&query_place_id=ChIJpyAGSpHKvJUR-t-1bYv-7A0,ChIJpyAGSpHKvJUR-t-1bYv-7A0,
Dr Franco Moreschi,Clínica de cirugía plástica,Clínica de cirugía plástica | Esteticista | Cirujano plástico,,,,http://www.drfrancomoreschi.com/,"Carlos Pellegrini 763 Piso 6, C1009 Cdad. Autónoma de Buenos Aires, Argentina",Carlos Pellegrini 763 Piso 6,"San Nicolás, Comuna 1",Cdad. Autónoma de Buenos Aires,C1009,Cdad. Autónoma de Buenos Aires,AR,-34.5994997,-58.3810234,5,194,https://www.google.com/maps/search/?api=1&query=Dr%20Franco%20Moreschi&query_place_id=ChIJFVBJBbY1o5URhtrhW5vr6TE,ChIJFVBJBbY1o5URhtrhW5vr6TE,
Dr. Gonzalo García - Cirujano Plástico,Cirujano plástico,Cirujano plástico,+54 11 3359-0469,+541133590469,,https://drgonzalogarcia.com/,"Carlos Pellegrini 763 Piso 6, C1009 Cdad. Autónoma de Buenos Aires, Argentina",Carlos Pellegrini 763 Piso 6,"San Nicolás, Comuna 1",Cdad. Autónoma de Buenos Aires,C1009,Cdad. Autónoma de Buenos Aires,AR,-34.5994997,-58.3810234,4.9,142,https://www.google.com/maps/search/?api=1&query=Dr.%20Gonzalo%20Garc%C3%ADa%20-%20Cirujano%20Pl%C3%A1stico&query_place_id=ChIJGeRwawDLvJURBYrPx5HkwLo,ChIJGeRwawDLvJURBYrPx5HkwLo,
Dr. Hernán Chinski Rinoplastía,Centro médico,Centro médico | Otorrinolaringólogo | Cirujano plástico,+54 11 4821-1272,+541148211272,,http://www.rinoplastia.com.ar/,"Charcas 2777 1er Piso A, C1425 Cdad. Autónoma de Buenos Aires, Argentina",Charcas 2777 1er Piso A,"Barrio Norte, Recoleta, Comuna 2",Cdad. Autónoma de Buenos Aires,C1425,Cdad. Autónoma de Buenos Aires,AR,-34.5942604,-58.4056988,4.5,245,https://www.google.com/maps/search/?api=1&query=Dr.%20Hern%C3%A1n%20Chinski%20Rinoplast%C3%ADa&query_place_id=ChIJH1Uoq5rKvJURcWdvrq3ph90,ChIJH1Uoq5rKvJURcWdvrq3ph90,
Dr. Manuel Fernández Diciervo - Cirujano Plástico Certificado Especialista en Cirugía de aumento y levantamiento mamario.,Cirujano plástico,Cirujano plástico,+54 11 6291-1147,+541162911147,,,"Gral. Lucio Norberto Mansilla 2686, C1425 Cdad. Autónoma de Buenos Aires, Argentina",Gral. Lucio Norberto Mansilla 2686,"Barrio Norte, Recoleta, Comuna 2",Cdad. Autónoma de Buenos Aires,C1425,Cdad. Autónoma de Buenos Aires,AR,-34.5959797,-58.4055214,4.8,130,https://www.google.com/maps/search/?api=1&query=Dr.%20Manuel%20Fern%C3%A1ndez%20Diciervo%20-%20Cirujano%20Pl%C3%A1stico%20Certificado%20Especialista%20en%20Cirug%C3%ADa%20de%20aumento%20y%20levantamiento%20mamario.&query_place_id=ChIJQdw6b2nLvJURmqU8ZZb64lc,ChIJQdw6b2nLvJURmqU8ZZb64lc,
Dr. Guillermo Artero,Cirujano plástico,Cirujano plástico,+54 11 2270-0707,+541122700707,,https://guillermoartero.com.ar/,"Lola Mora 421, 6˚ 601, 1107 Buenos Aires, Argentina","Lola Mora 421, 6˚ 601","Puerto Madero, Comuna 1",Cdad. Autónoma de Buenos Aires,1107,Cdad. Autónoma de Buenos Aires,AR,-34.6193538,-58.3610847,5,118,https://www.google.com/maps/search/?api=1&query=Dr.%20Guillermo%20Artero&query_place_id=ChIJ3QIsVRo1o5UR2WXZnqA9HTU,ChIJ3QIsVRo1o5UR2WXZnqA9HTU,
DOCTOR MOYANO GAUNA - Aumento Mamario - Mastopexia - Reducción Mamaria - Rinoplastia Ultrasonica - Rapida Recuperación.,Cirujano plástico,Cirujano plástico,+54 11 5953-8850,+541159538850,,http://www.doctormoyanogauna.com/,"JUNIN 1040 PB 1 Juan XXIII, Chile 6130, C1113 Cdad. Autónoma de Buenos Aires, Argentina","JUNIN 1040 PB 1 Juan XXIII, Chile 6130","Barrio Norte, Recoleta, Comuna 2",Cdad. Autónoma de Buenos Aires,C1113,Cdad. Autónoma de Buenos Aires,AR,-34.5966738,-58.3976017,5,114,https://www.google.com/maps/search/?api=1&query=DOCTOR%20MOYANO%20GAUNA%20-%20Aumento%20Mamario%20-%20Mastopexia%20-%20Reducci%C3%B3n%20Mamaria%20-%20Rinoplastia%20Ultrasonica%20-%20Rapida%20Recuperaci%C3%B3n.&query_place_id=ChIJuQCv6u3LvJUR_aG4_-PfQ3g,ChIJuQCv6u3LvJUR_aG4_-PfQ3g,
Dr. Hugo Ayarde - Cirugía Plástica,Cirujano plástico,Cirujano plástico,,,,http://instagram.com/dr.hugoayarde,"Arce 993, C1426 Cdad. Autónoma de Buenos Aires, Argentina",Arce 993,"Palermo, Comuna 14",Cdad. Autónoma de Buenos Aires,C1426,Cdad. Autónoma de Buenos Aires,AR,-34.5669133,-58.4375317,4.8,115,https://www.google.com/maps/search/?api=1&query=Dr.%20Hugo%20Ayarde%20-%20Cirug%C3%ADa%20Pl%C3%A1stica&query_place_id=ChIJ-XM8tgPLvJURgzDBm6Pec3w,ChIJ-XM8tgPLvJURgzDBm6Pec3w,
Rinoplastía Estética y Funcional. Dr. Moina.,Clínica de cirugía plástica,Clínica de cirugía plástica | Otorrinolaringólogo | Cirujano plástico,+54 11 4371-4686,+541143714686,,http://www.rinoplastias.com.ar/,"Av. Sta. Fe 1531 Piso 8, C1060 Cdad. Autónoma de Buenos Aires, Argentina",Av. Sta. Fe 1531 Piso 8,"Barrio Norte, Recoleta, Comuna 2",Cdad. Autónoma de Buenos Aires,C1060,Cdad. Autónoma de Buenos Aires,AR,-34.5955425,-58.3888568,4.8,269,https://www.google.com/maps/search/?api=1&query=Rinoplast%C3%ADa%20Est%C3%A9tica%20y%20Funcional.%20Dr.%20Moina.&query_place_id=ChIJhRIDTsLKvJUR2wQEg_w7dQI,ChIJhRIDTsLKvJUR2wQEg_w7dQI,
Dr. Bukret | BA Plastic Surgery,Cirujano plástico,Cirujano plástico | Clínica de cirugía plástica,+54 9 11 3121-1468,+5491131211468,,https://drbukret.com/,"Arenales 2521 piso 9, depto B, C1125 Cdad. Autónoma de Buenos Aires, Argentina","Arenales 2521 piso 9, depto B","Barrio Norte, Recoleta, Comuna 2",Cdad. Autónoma de Buenos Aires,C1125,Cdad. Autónoma de Buenos Aires,AR,-34.5931895,-58.4020404,4.7,97,https://www.google.com/maps/search/?api=1&query=Dr.%20Bukret%20%7C%20BA%20Plastic%20Surgery&query_place_id=ChIJ11R0e9E0o5URbP5c3A34tog,ChIJ11R0e9E0o5URbP5c3A34tog,
Dr Alejandro Girod - AG Cirugía Plástica,Cirujano plástico,Cirujano plástico,+54 11 6262-2849,+541162622849,,,"Talcahuano 889, C1013 Cdad. Autónoma de Buenos Aires, Argentina",Talcahuano 889,"Barrio Norte, Retiro, Comuna 1",Cdad. Autónoma de Buenos Aires,C1013,Cdad. Autónoma de Buenos Aires,AR,-34.5984064,-58.3854321,5,125,https://www.google.com/maps/search/?api=1&query=Dr%20Alejandro%20Girod%20-%20AG%20Cirug%C3%ADa%20Pl%C3%A1stica&query_place_id=ChIJSVGwag_LvJURoJqrvTBt5bQ,ChIJSVGwag_LvJURoJqrvTBt5bQ,
Dr Leonardo Imbriano,Cirujano plástico,Cirujano plástico,+54 11 3916-4001,+541139164001,,http://www.drimbriano.com/,"Godoy Cruz 2880 Piso 4 Of. 407, C1414 Cdad. Autónoma de Buenos Aires, Argentina",Godoy Cruz 2880 Piso 4 Of. 407,"Palermo, Comuna 14",Cdad. Autónoma de Buenos Aires,C1414,Cdad. Autónoma de Buenos Aires,AR,-34.576955,-58.4238405,5,815,https://www.google.com/maps/search/?api=1&query=Dr%20Leonardo%20Imbriano&query_place_id=ChIJoYa2hCa1vJURDgtnOGZHaqY,ChIJoYa2hCa1vJURDgtnOGZHaqY,
Dr. Schiro Juan Ignacio,Cirujano plástico,Cirujano plástico,+54 9 11 3049-2611,+5491130492611,,https://www.drschiro.com.ar/,"Armenia 2490, C1425 Cdad. Autónoma de Buenos Aires, Argentina",Armenia 2490,"Palermo, Comuna 14",Cdad. Autónoma de Buenos Aires,C1425,Cdad. Autónoma de Buenos Aires,AR,-34.5836465,-58.4186429,4.8,263,https://www.google.com/maps/search/?api=1&query=Dr.%20Schiro%20Juan%20Ignacio&query_place_id=ChIJgVZuzpPLvJURMaSdAcyih6Y,ChIJgVZuzpPLvJURMaSdAcyih6Y,
Dr. Coccaro Federico,Cirujano plástico,Cirujano plástico,+54 9 11 6854-0695,+5491168540695,,http://federicococcaro.com.ar/,"Lafinur 2932 2A, C1425FAB Cdad. Autónoma de Buenos Aires, Argentina",Lafinur 2932 2A,"Palermo, Comuna 14",Cdad. Autónoma de Buenos Aires,C1425,Cdad. Autónoma de Buenos Aires,AR,-34.5812724,-58.4150962,4.9,173,https://www.google.com/maps/search/?api=1&query=Dr.%20Coccaro%20Federico&query_place_id=ChIJP8D-u7jKvJURT83Jo5UKtbs,ChIJP8D-u7jKvJURT83Jo5UKtbs,
Cirugía Plástica Dr. Agustín Hugo Alí M.D Ph.D,Cirujano plástico,Cirujano plástico,+54 9 11 3327-0750,+5491133270750,,http://www.agustinali.com.ar/,"Av. Sta. Fe 3269, C1425 Cdad. Autónoma de Buenos Aires, Argentina",Av. Sta. Fe 3269,"Palermo, Comuna 14",Cdad. Autónoma de Buenos Aires,C1425,Cdad. Autónoma de Buenos Aires,AR,-34.5882135,-58.4110686,4.9,172,https://www.google.com/maps/search/?api=1&query=Cirug%C3%ADa%20Pl%C3%A1stica%20Dr.%20Agust%C3%ADn%20Hugo%20Al%C3%AD%20M.D%20Ph.D&query_place_id=ChIJ01NFLILKvJUR-bz1TWbo3YY,ChIJ01NFLILKvJUR-bz1TWbo3YY,
Dra Mariana Bouvier,Cirujano plástico,Cirujano plástico,+54 11 2632-0238,+541126320238,,http://www.instagram.com/drabouviermariana/,"Ayacucho 1230, C1428 Cdad. Autónoma de Buenos Aires, Argentina",Ayacucho 1230,"Barrio Norte, Recoleta, Comuna 2",Cdad. Autónoma de Buenos Aires,C1428,Cdad. Autónoma de Buenos Aires,AR,-34.5942281,-58.3960223,5,104,https://www.google.com/maps/search/?api=1&query=Dra%20Mariana%20Bouvier&query_place_id=ChIJ99hMUIfLvJURckX_1rQSsX8,ChIJ99hMUIfLvJURckX_1rQSsX8,
Dr. Andrés Freschi - Facial Plastic Surgery.,Cirujano plástico,Cirujano plástico | Cirujano,+54 11 4813-6191,+541148136191,,https://www.andresfreschi.com/,"Arenales 1630, C1061 Cdad. Autónoma de Buenos Aires, Argentina",Arenales 1630,"Barrio Norte, Recoleta, Comuna 2",Cdad. Autónoma de Buenos Aires,C1061,Cdad. Autónoma de Buenos Aires,AR,-34.594935,-58.3906622,3.9,114,https://www.google.com/maps/search/?api=1&query=Dr.%20Andr%C3%A9s%20Freschi%20-%20Facial%20Plastic%20Surgery.&query_place_id=ChIJ17bSTbbKvJURiWtHpXzD7dQ,ChIJ17bSTbbKvJURiWtHpXzD7dQ,
"Dr Martínez Dorr. Cirugia plástica, estética y reconstructiva",Cirujano plástico,Cirujano plástico,+54 9 11 2392-7231,+5491123927231,,https://www.drmartinezdorr.com/,"Av. Olazábal 1483 oficina 203, C1428 Cdad. Autónoma de Buenos Aires, Argentina",Av. Olazábal 1483 oficina 203,"Belgrano, Comuna 13",Cdad. Autónoma de Buenos Aires,C1428,Cdad. Autónoma de Buenos Aires,AR,-34.5544912,-58.4491121,5,26,https://www.google.com/maps/search/?api=1&query=Dr%20Mart%C3%ADnez%20Dorr.%20Cirugia%20pl%C3%A1stica%2C%20est%C3%A9tica%20y%20reconstructiva&query_place_id=ChIJH8lNZCfLvJURSc-GdzctMvs,ChIJH8lNZCfLvJURSc-GdzctMvs,
Dr. Mario Garcia Pintor,Cirujano plástico,Cirujano plástico,+54 11 4815-6873,+541148156873,,http://gevacapilar.com/,"Av. Sta. Fe 1707, C1060ABD Cdad. Autónoma de Buenos Aires, Argentina",Av. Sta. Fe 1707,"Barrio Norte, Recoleta, Comuna 2",Cdad. Autónoma de Buenos Aires,C1060,Cdad. Autónoma de Buenos Aires,AR,-34.5957083,-58.3921143,4.5,15,https://www.google.com/maps/search/?api=1&query=Dr.%20Mario%20Garcia%20Pintor&query_place_id=ChIJFWP7e77KvJURe-C9UofV3sg,ChIJFWP7e77KvJURe-C9UofV3sg,
Shriners Children's Chicago,Hospital infantil,Hospital infantil | Terapeuta ocupacional | Clínica ortopédica | Orthotics & prosthetics service | Pediatric orthopedic surgeon | Fisioterapeuta | Cirujano plástico,(877) 933-0224,+18779330224,,https://www.shrinerschildrens.org/en/locations/chicago,"2211 N Oak Park Ave, Chicago, IL 60707",2211 N Oak Park Ave,Montclare,Chicago,60707,Illinois,US,41.9200165,-87.7934723,4.7,170,https://www.google.com/maps/search/?api=1&query=Shriners%20Children's%20Chicago&query_place_id=ChIJZ295WWrLD4gR0RMn7PHW3Po,ChIJZ295WWrLD4gR0RMn7PHW3Po,
Motion Arts Center,Academia de baile,Academia de baile | Profesor de bailes de salón | Club de baile | Sala de baile | Pabellón de baile | Tienda de artículos de danza | Centro deportivo | Hip hop dance class | Clases de salsa | Servicios nupciales,(415) 851-6501,+14158516501,,https://motionartscenter.com/,"217 S Claremont St, San Mateo, CA 94401",217 S Claremont St,Central San Mateo,San Mateo,94401,California,US,37.5671531,-122.3209021,4.9,113,https://www.google.com/maps/search/?api=1&query=Motion%20Arts%20Center&query_place_id=ChIJLWRta3qej4ARPc4CRUqXqlg,ChIJLWRta3qej4ARPc4CRUqXqlg,
Personal trainer Iván,Entrenador personal,Entrenador personal,+54 9 11 7362-6844,+5491173626844,,,"avenida Nazca, Av. Gral. Mosconi y, C1419 Buenos Aires, Argentina","avenida Nazca, Av. Gral. Mosconi y","Villa Pueyrredón, Comuna 12",Cdad. Autónoma de Buenos Aires,C1419,Cdad. Autónoma de Buenos Aires,AR,-34.5865796,-58.5023157,5,47,https://www.google.com/maps/search/?api=1&query=Personal%20trainer%20Iv%C3%A1n&query_place_id=ChIJNxVxxWW3vJURmmPb7dfVNWY,ChIJNxVxxWW3vJURmmPb7dfVNWY,
Entrenamiento cuvi consciente,Entrenador personal,Entrenador personal,+54 9 11 4989-5752,+5491149895752,,https://www.instagram.com/entrenamientocuvi/,"Neuquén 1641, C1405 Cdad. Autónoma de Buenos Aires, Argentina",Neuquén 1641,"Caballito, Comuna 6",Cdad. Autónoma de Buenos Aires,C1405,Cdad. Autónoma de Buenos Aires,AR,-34.6155079,-58.4571425,5,27,https://www.google.com/maps/search/?api=1&query=Entrenamiento%20cuvi%20consciente&query_place_id=ChIJ0bu77z3LvJURkYpyQ-sPgLQ,ChIJ0bu77z3LvJURkYpyQ-sPgLQ,
Personal Trainer - Fit Caballito,Entrenador personal,Entrenador personal | Service establishment,+54 9 11 3876-4855,+5491138764855,,,,,,,,,,-34.6096648,-58.4373117,5,10,https://www.google.com/maps/search/?api=1&query=Personal%20Trainer%20-%20Fit%20Caballito&query_place_id=ChIJ3b6xMpo9L2QRRve8kCViDio,ChIJ3b6xMpo9L2QRRve8kCViDio,
ON FIT Plaza de Mayo,Entrenador personal,Entrenador personal | Centro deportivo | Gimnasio | Centro de adelgazamiento | Centro de salud y bienestar,+54 11 3604-7622,+541136047622,,https://onfit.com.ar/,"Esmeralda 33, C1035 ABA, Cdad. Autónoma de Buenos Aires, Argentina",Esmeralda 33,San Nicolás,ABA,C1035,Cdad. Autónoma de Buenos Aires,AR,-34.6077332,-58.3777513,4.9,2037,https://www.google.com/maps/search/?api=1&query=ON%20FIT%20Plaza%20de%20Mayo&query_place_id=ChIJs0_gI-LLvJURqTwnPAzi5h4,ChIJs0_gI-LLvJURqTwnPAzi5h4,
Freddie's Fit Club,Entrenador personal,Entrenador personal | Service establishment,+54 9 11 2856-3403,+5491128563403,,http://www.freddiesfitclub.com/,,,,,,,,14.2580229,-79.5417226,5,25,https://www.google.com/maps/search/?api=1&query=Freddie's%20Fit%20Club&query_place_id=ChIJc4qLobvLvJURaZ8HXsmPNiY,ChIJc4qLobvLvJURaZ8HXsmPNiY,
EōS Fitness,Entrenador personal,Entrenador personal | Centro deportivo | Indoor cycling | Gimnasio,(805) 751-3535,+18057513535,,https://www.eosfitness.com/gym/oxnard-e-vineyard-ave-w-esplanade-dr?utm_source=local&utm_medium=organic&utm_campaign=evergreen_gmb,"150 W Esplanade Dr, Oxnard, CA 93036",150 W Esplanade Dr,,Oxnard,93036,California,US,34.23015,-119.175945,4.1,392,https://www.google.com/maps/search/?api=1&query=E%C5%8DS%20Fitness&query_place_id=ChIJFa_CR8RN6IARi2c2aMh6Rzs,ChIJFa_CR8RN6IARi2c2aMh6Rzs,
Azusa Adult Education Center,Escuela de educación para adultos,Escuela de educación para adultos,(626) 852-8400,+16268528400,,https://www.azusaadult.edu/,"1040 E Gladstone St, Azusa, CA 91702",1040 E Gladstone St,,Azusa,91702,California,US,34.1134223,-117.8873138,4.8,72,https://www.google.com/maps/search/?api=1&query=Azusa%20Adult%20Education%20Center&query_place_id=ChIJTZh3e9Unw4AR-OqnhbBVW7M,ChIJTZh3e9Unw4AR-OqnhbBVW7M,
UHA Online,Institución educativa,Institución educativa | Service establishment,(800) 506-4521,+18005064521,,http://www.uhaglobal.com/,,,,,,,,46.423669,-129.9427086,4.4,41,https://www.google.com/maps/search/?api=1&query=UHA%20Online&query_place_id=ChIJJZKZp2GXwoARd0-6LLnXXyg,ChIJJZKZp2GXwoARd0-6LLnXXyg,